Used_ID,Abb,KEGG.ID,Iso,Con37,Con38,Con39,Con40,IPA41,IPA42,IPA43,IPA44,
1-Methylnicotinamide,MNA,C02918,1-Methylnicotinamide,4702608,3400172,6365216,5146158,3911427,2206514,1865664,2017241,
2-Aminobutyrate,2-AB,C02356,2-Aminobutyrate,4844622,4846086,4604332,4883872,4844764,6033698,9205433,12971635,
2-Oxoadipate,2-Oxoadipate,C00322,2-Oxoadipate,3941544,5347918,4198904,5633526,5959972,6913436,5525571,4614438,
2-PY,NA,NA,2-PY,107779240,94822720,116123192,129215032,83541512,64532692,46710760,33807228,
3-Phosphoglycerate,3PG,C00197,3-Phosphoglycerate,505712,577102,812121,428094,437951,391270,412662.25,410714,
4-Hydroxyphenyllactate,4-OH-PheLac,C03672,4-Hydroxyphenyllactate,4980742,5023424,6460996,5746930,5027616,5333156,5316214,5452042,
5-Methylthioadenosine,MTA,C00170,5-Methylthioadenosine,864469,961703,866724,814969,938351,763056,876939.75,903176,
5-Oxoproline,5-Oxoproline,C01879,5-Oxoproline,22759646,23755254,31021296,21285208,20153054,21541474,22035019,23222774,
a-Ketoglutarate,a-KG,C00026,a-Ketoglutarate,31073442,49694928,34492840,56085804,40890800,48782156,48485927,52135376,
Acetylcarnitine,Ac-carnitine,C02571,Acetylcarnitine,1462385280,1470344064,1370564864,1556700544,1387938432,1619565696,1660656576,1817561088,
Acetylcholine,Ac-choline,C01996,Acetylcholine,559430,610110,614972,545729,635209,583460,644685.75,680037,
Aconitate,Aconitate,C00417,Aconitate,32533926,42321628,34166296,49231116,33972460,35930604,35173820,35396108,
Adenine,Adenine,C00147,Adenine,729231,547365,304711,101978,550874,268592,374993,340253,
Adenosine,A,C00212,Adenosine,8967696,6215638,3076021,1140246,6761058,3101919,4505429.75,4079371,
ADP,ADP,C00008,ADP,1100181,1693606,858159,363552,1652580,661991,872183.75,587082,
Alanine,Ala,C00041,Alanine,90174584,94821064,101401992,95207096,98018120,110077696,101729102,99410296,
Alanine,Ala,C00041,Std,3015621,3144792,2882857,2895590,3172004,2932553,3103576.75,3154875,
AMP,AMP,C00020,AMP,2820340,6838802,2099518,429981,4639345,1424142,2220528.75,1409314,
Arginine,Arg,C00062,Arginine,53444332,68848968,53142496,64140060,55783604,72037320,56682663,49454864,
Arginine,Arg,C00062,Std,8330502,8553359,8692103,8398738,8171724,8519653,8348691.25,8351694,
Argininosuccinate,Arg-Succ,C03406,Argininosuccinate,27768,88211,19123,66354,23098,66868,55573.5,66164,
Ascorbic acid,Vit-C,C00072,Ascorbic acid,282047,309846,250804,307715,306085,277971,302943.5,313859,
Asparagine,Asn,C00152,Asparagine,29158226,27567792,36973484,34157532,23169146,35714356,29383675.5,29325600,
Aspartate,Asp,C00049,Aspartate,1426642,2533637,1900078,1599974,2156744,1806017,1882587.25,1783794,
Aspartate,Asp,C00049,Std,2869594,2691418,3006410,2971956,2942166,3047571,2870510.75,2746153,
ATP,ATP,C00002,ATP,169845,355142,162628,119232,136394,90580,121821.5,130156,
Carnitine,Carnitine,C00318,Carnitine,612295936,624097024,841494976,782010112,709344448,629856064,552966576,436332896,
Choline,Choline,C00114,Choline,150173648,165591584,141328768,149132784,183399792,117748904,125327362,100080376,
Citrate,Cit,C00158,Citrate,603568576,680436736,609889600,692372032,638659136,622791360,631179968,631634688,
Citrulline,Citrulline,C00327,Citrulline,68862088,81544032,83781672,91830696,63911988,65560012,65003626,65271252,
Creatine,Creatine,C00300,Creatine,718713152,809127872,678955968,813807808,695300160,769060608,764647984,797115584,
Creatinine,Creatinine,C00791,Creatinine,330766016,375069952,365515296,367779168,384173056,373812832,386644168,394295392,
Cystathionine,Cystathionine,C02291,Cystathionine,219173,161647,249618,238673,130684,180480,273803.5,392025,
Cystine,Cystine,C00491,Cystine,7492148,5636696,7583510,6082256,6433628,7155202,7319370.5,7844326,
Cystine,Cystine,C00491,Std,828023,836710,990273,931107,870896,837055,937331.25,1020687,
Cytidine,C,D07769,Cytidine,10341857,10663391,5340982,7839100,10339697,10227944,9480136.75,8676453,
Cytosine,Cytosine,C00380,Cytosine,51092512,54507724,54284692,62228268,50330816,55845364,53841341,54594592,
Deoxyadenosine,dA,C00559,Deoxyadenosine,143911,134386,157314,132726,152843,126479,136999,134337,
Deoxycytidine,dC,C00881,Deoxycytidine,4078183,4417802,4642026,5388288,4256740,4715915,4498498.75,4510670,
Deoxyuridine,dU,C00526,Deoxyuridine,22389762,23317912,17163700,23521850,18836616,28048522,26001580.5,28560592,
Dimethylglycine,DMG,C01026,Dimethylglycine,18317940,19953534,19350878,24990122,22683656,18144268,23204941,25995920,
Fructose,Fru,C00095,Fructose,3587771,4069828,3147953,3892417,3948009,3182676,3730013.75,3894685,
Gluconic acid,GlcA,C00257,Gluconic acid,37254224,44516436,35436756,43429700,40319476,38594268,47274330,55091788,
Glucosamine,GlcN,C00329,Glucosamine,6188636,8511279,7130226,9243799,7672654,10618958,8243255,7340704,
Glucosamine-6-phosphate,GlcN-6P,C00352,Glucosamine-6-phosphate,57326,67030,70785,68550,61918,40183,49718.25,48386,
Glucose,Glc,C00031,Glucose,706443008,786512448,720319680,845045952,783845312,851942720,787959392,758024768,
Glucuronic acid,GlucA,C00191,Glucuronic acid,13230301,11934405,12235760,13141779,11511788,11578419,12645193.75,13745284,
Glutamate,Glu,C00025,Glutamate,9097859,10365081,8425547,11620780,9334729,11134255,12215279.5,14196067,
Glutamate,Glu,C00025,Std,3574271,3394169,3705298,3681741,3756011,3741150,3713058.25,3677536,
Glutamine,Gln,C00064,Glutamine,481857888,528780320,611254272,576153600,446150816,423274752,491191624,547670464,
Glycerol,Glycerol,C00116,Glycerol,3784660,5227084,2461045,4949056,4354266,3803108,4625315.5,5171944,
Glycerol-3-phosphate,Glycerol-3P,C00093,Glycerol-3-phosphate,2071946,2508078,1874246,2683694,2219726,1907503,2328989.75,2594365,
Glycine,Gly,C00037,Glycine,7750954,8008904,7507446,6963038,7703420,9208907,9195893.25,9935623,
Glycine,Gly,C00037,Std,301157,298115,316104,256144,298105,326973,345358,378177,
GMP,GMP,C00144,GMP,701675,880065,393536,169947,794019,197498,388439.25,281120,
Histidine,His,C00135,Histidine,99409624,98525272,117073240,103182088,90510528,85974920,83472078,78701432,
Histidine,His,C00135,Std,12607927,12056275,12243736,12645399,12045332,11389984,12288797,12859936,
Homocysteine,Homocysteine,C00155,Homocysteine,883526,892307,1006336,1324597,875663,1025374,1138022.75,1325527,
Hydroxyproline,Pro-OH,C01157,Hydroxyproline,36056292,36093084,37260108,34788420,34989616,39657280,39352484,41381520,
Indole-3-propionic acid,IPA,HMDB0002302,Indole-3-propionic acid,27844,488720,215196,158410,9292581,7961754,9449236.25,10271305,
Inositol,Inositol,C00137,Inositol,27567536,39216196,30451462,31887354,36637564,35369148,35196688,34390020,
Isoleucine,Ile,C00407,Isoleucine,475363744,335589216,436495872,412288480,304968064,346599456,314087768,302391776,
Lactate,Lac,C00186,Lactate,398429952,479179520,413582240,403942240,332456000,294263616,393763632,474167456,
Leucine,Leu,C00123,Leucine,1102109056,973930816,1125676032,1024457536,868994304,874032384,825028608,778543872,
Leucine,Leu,C00123,Std,56481996,66409996,57776148,62450544,64530804,65864196,66876282,68555064,
Lysine,Lys,C00047,Lysine,12433203,13740808,16929218,13497245,12284840,13865416,12213104.5,11351081,
Lysine,Lys,C00047,Std,352813,390980,357888,413704,376910,387656,370357.5,358432,
Malate,Mal,C00149,Malate,93045088,113532736,103375976,130388096,114170808,140704080,141772418,156107392,
Methionine,Met,C00073,Methionine,91630408,109416672,119546944,111661272,101516416,112347960,101554618,96177048,
Methionine,Met,C00073,Std,15521876,15830541,13278521,14824669,15096328,14832192,15748572.5,16532885,
N-Acetylglucosamine,GlcNAc,C00140,N-Acetylglucosamine,853434,950280,742760,1158513,818978,1054697,812767.25,688697,
N-Acetylglucosamine-6-phosphate,GlcNAc-6P,C00357,N-Acetylglucosamine-6-phosphate,0,0,0,0,63941,57645,78079.5,95366,
Nicotinamide,NAM,C00153,Nicotinamide,142033008,100093304,160274432,101649024,122527392,85143024,99116008,94396808,
Nicotinamide mononucleotide,NMN,C00455,Nicotinamide mononucleotide,0,0,0,0,0,0,0,0,
Ornithine,Ornithine,C00077,Ornithine,4248362,3703067,4832512,5005976,3539558,3030832,3612503.5,3939812,
Orotate,Orotate,C00295,Orotate,4355249,4529770,5220328,5591762,4715178,3766828,4351719.5,4462436,
Orotidine,Orotidine,X00006,Orotidine,4040538,4394756,3939141,3708917,4056793,3480796,4043029.25,4317264,
Palmitate,Palmitate,C00249,Palmitate,436191200,405230208,335866752,399714048,418969504,383977376,399868544,398263648,
Pantothenate,Pantothenate,C00864,Pantothenate,17030672,19153462,17292424,19219706,14762495,22411280,17353214.25,16119541,
Phenylalanine,Phe,C00079,Phenylalanine,396904320,347507520,401808288,391624352,346100448,320271520,318837728,304489472,
Phenylalanine,Phe,C00079,Std,51975060,52083892,49979824,49020484,48795696,47833244,52652645,56990820,
Phosphate,PO4,C00009,Phosphate,74821288,74313224,78883944,72004616,73785088,63418412,71701559,74801368,
Phosphocreatine,P-Creatine,C02305,Phosphocreatine,627578,1073327,741302,632243,968407,729013,849771.5,850833,
Phosphoenolpyruvate,PEP,C00074,Phosphoenolpyruvate,71715,111918,93916,43307,127414,93671,84979.25,59416,
Phosphoethanolamine,P-EtA,C00346,Phosphoethanolamine,346007,601616,377263,349066,489179,363435,452422.5,478538,
Proline,Pro,C00148,Proline,178783104,183412864,327607296,242139376,155451056,205810032,200638760,220646976,
Proline,Pro,C00148,Std,22590776,22327646,18060876,20890746,21419704,23418960,23102430,23785528,
Ribose-5-phosphate,R5P,C00117,Ribose-5-phosphate,1488989,2190642,720817,1322371,1990609,827437,1507627.5,1606232,
S-Adenosyl-L-methionine,SAM,C00019,S-Adenosyl-L-methionine,252917,282442,294768,251449,284089,263413,284142,294533,
Serine,Ser,C00065,Serine,59443636,61863348,76018056,70008696,60970932,69745176,65424361,65490668,
Serine,Ser,C00065,Std,3747157,3910759,3490228,3810013,3884237,3723793,3863406.5,3922798,
Sorbitol,Sorbitol,C00794,Sorbitol,23657142,22644210,24211342,20172630,20629262,19064572,16675592,13504267,
Succinate,Succ,C00042,Succinate,12214115,12918099,8285300,14544745,14799391,10682203,16796679.5,20852562,
Thiosulfate,HS2O3,C00320,Thiosulfate,13358743,26202912,12519571,16363620,21548042,21283622,27242796,33069760,
Threonine,Thr,C00188,Std,2827450,2671342,2808450,2560549,2849660,2950797,2848193.25,2796158,
Threonine,Thr,C00188,Threonine,50794356,55710036,78820088,60208640,52973664,59878044,53544289,50662724,
Thymine,Thymine,C00178,Thymine,21396076,20916434,17714420,23678368,21174274,24839366,23571845,24136870,
Tryptophan,Trp,C00078,Tryptophan,341206016,340263776,335650208,450999424,247046480,375596832,317231948,323142240,
Tyramine,Tyramine,C00483,Tyramine,4215694,3892145,2140136,2810459,3473237,2633541,3393715,3734041,
Tyrosine,Tyr,C00082,Std,13358933,14601527,13785193,14019295,14607415,13577685,13498187,12903824,
Tyrosine,Tyr,C00082,Tyrosine,102849800,96627040,135210288,153274864,100441592,122219840,101559326,91787936,
Uracil,Uracil,C00106,Uracil,31875080,32635082,21135352,28534746,31899778,30568994,36546427,41858468,
Uric acid,Uric acid,C00366,Uric acid,108755872,99561888,77065288,112281304,114861544,85866560,104544062,108724072,
Uridine,U,C00299,Uridine,34163116,18194112,13524355,28353128,19024592,28311178,27234155.5,30800426,
Valine,Val,C00183,Std,17590694,16747280,16854166,16733383,16939076,17116046,17117664.5,17207768,
Valine,Val,C00183,Valine,468059680,369900896,500336032,431236448,330813664,387056480,324170720,289406368,
Xanthine,Xanthine,C00385,Xanthine,530716,256250,85929,12883,441274,111204,197493,118747,
