Used_ID,Abb,KEGG.ID,Iso,Con29,Con30,Con31,Con32,NAM33,NAM34,NAM35,NAM36
1-Methylnicotinamide,MNA,C02918,1-Methylnicotinamide,8645016,1740679,3691756,1745121,160815984,16700833,48168644,104209640
2-Aminobutyrate,2-AB,C02356,2-Aminobutyrate,7224032,6891566,11447925,6835496,13400715,26649390,7460964,10374372
2-Oxosuccinamate,2-Oxosuccinamate,C02362,2-Oxosuccinamate,774469,583128,480413,590651,760740,1432209,617852,1076374
2-PY,2-PY,C05842,2-PY,33767864,22432554,35610796,33885744,346028000,203895760,212726400,371471328
3-Phosphoglycerate,3PG,C00197,3-Phosphoglycerate,3410727,2584865,3450991,3238502,9777685,5550954,4660089,5237585
4-Hydroxyphenyllactate,4-OH-PheLac,C03672,4-Hydroxyphenyllactate,8857895,2819814,3099266,6119234,9169872,11104913,8768039,15887021
5-Methylthioadenosine,MTA,C00170,5-Methylthioadenosine,92161248,57588864,94232872,60491788,65382912,86331976,55066140,77757944
6-Phosphogluconate,6P-gluconate,C00345,6-Phosphogluconate,2113873,1974094,1477254,1715052,2708408,2738368,1332734,2122753
a-Ketoglutarate,a-KG,C00026,a-Ketoglutarate,1159362,1169007,2704614,1033820,947770,1545770,1112409,1008423
Acetyl-CoA,Acetyl-CoA,C00024,Acetyl-CoA,542987,635722,770616,954650,1302272,355575,713662,915987
Acetylcarnitine,Ac-carnitine,C02571,Acetylcarnitine,1106180480,773778624,1227684480,1018686528,1864771200,1401038464,1318178432,1330798464
Acetylcholine,Ac-choline,C01996,Acetylcholine,528173,409412,458930,764866,926794,821478,1052505,1878714
Adenine,Adenine,C00147,Adenine,19674698,9666865,8245458,14169277,24045534,11193076,14362547,17852002
Adenosine,A,C00212,Adenosine,764970176,345407072,378159840,444174976,831388608,329449760,428211104,720195904
ADP,ADP,C00008,ADP,111787392,66683700,92681192,89372224,113136568,87940584,81421008,117336984
Alanine,Ala,C00041,Alanine,206964048,105546824,197857552,130746280,197249328,187924608,141333072,223188624
Alanine,Ala,C00041,Std,2065555,2088606,1849500,2077243,1800115,1840398,2179498,1693869
AMP,AMP,C00020,AMP,237417136,82543272,98039488,98428384,214240560,91645632,103334312,176877200
Arginine,Arg,C00062,Arginine,2773395,2374105,2593125,1575578,2127502,2799205,2497634,1632826
Arginine,Arg,C00062,Std,7942916,6631402,7112490,6679534,6889064,6707070,7036236,6533914
Argininosuccinate,Arg-Succ,C03406,Argininosuccinate,433073,266540,281439,181976,766981,620451,330226,469906
Ascorbic acid,Vit-C,C00072,Ascorbic acid,803227968,432172512,886958272,606250560,900019008,530513280,692155840,874285504
Asparagine,Asn,C00152,Asparagine,25056442,16717851,15329568,13091001,24461814,18755638,16722168,23455952
Aspartate,Asp,C00049,Aspartate,166133248,125291584,150021520,107512712,186461824,198268480,113439784,156578608
Aspartate,Asp,C00049,Std,2556560,9529216,3869298,9378809,5328044,4435080,8193180,3514003
ATP,ATP,C00002,ATP,15870279,8720177,22204136,8969845,14973847,16041188,10612668,14845548
Carnitine,Carnitine,C00318,Carnitine,921702592,515517184,1074539136,766234880,948164096,1176196096,691662656,1113534848
CDP,CDP,C00112,CDP,719417,385672,544516,297186,701741,621290,340402,732941
CDP-choline,CDP-choline,C00307,CDP-choline,7943070,4977852,7873054,5614214,8766015,9486141,4851991,8944822
CDP-ethanolamine,CDP-EtA,C00570,CDP-ethanolamine,5034296,5430686,8157842,7800656,11662339,10673216,6344666,8285226
Choline,Choline,C00114,Choline,235414912,204254064,203343120,338911296,375718304,249834480,420605312,672786752
Citrate,Cit,C00158,Citrate,111700840,53294324,100177192,61137684,76866224,218215536,72058960,71172432
Citrulline,Citrulline,C00327,Citrulline,15650665,9868885,9815233,6132982,22464210,22058834,10421597,15445499
CMP,CMP,C00055,CMP,4313806,1819314,2106174,1816324,4036794,3231047,1892270,3215801
CoA,CoA,C00010,CoA,972604,436248,618330,349728,525291,382435,312777,582131
Creatine,Creatine,C00300,Creatine,774948608,400656640,890478080,528209504,664596992,974757056,526287616,664885824
Creatinine,Creatinine,C00791,Creatinine,116308296,69850856,89674008,75542568,71342344,80517848,77381024,112413048
Cystathionine,Cystathionine,C02291,Cystathionine,2067887,649305,1342137,421217,1894086,5404324,1594445,2223470
Cytidine,C,D07769,Cytidine,3288300,2871919,1379236,2545853,7661528,7774444,3991613,2988242
Cytosine,Cytosine,C00380,Cytosine,13716424,4188556,8001146,4395858,9927987,16363852,5881706,6252932
Deoxyadenosine,dA,C00559,Deoxyadenosine,1200150,665957,1025613,720831,1333710,980152,888080,1265822
Deoxyguanosine,dG,C00330,Deoxyguanosine,5744578,1962680,3368529,2122491,7217060,3898441,2767042,5770030
Deoxythymidine,dT,C00214,Deoxythymidine,12387877,3456903,3072186,2956302,5056702,1495492,1971391,3171818
Deoxyuridine,dU,C00526,Deoxyuridine,9194901,3263304,2964009,2456488,4161317,1560930,1537180,2840187
Dihydroxyacetone-phosphate,DHAP,C00111,Dihydroxyacetone-phosphate,1080077,830331,792835,591418,888259,635094,632060,853967
Dimethylglycine,DMG,C01026,Dimethylglycine,35823868,27856992,52849052,36435692,62230064,51753156,41271500,73851832
"Fructose-1,6-bisphosphate",F16BP,C00354,"Fructose-1,6-bisphosphate",4499734,1706598,1947854,1114264,2961441,1909750,1346656,2201085
g-GluCys,g-GluCys,C00669,g-GluCys,2530482,615977,566379,427397,1002893,913122,632540,928869
GABA,GABA,C00334,GABA,11476320,4358831,9747581,2614868,8080640,5997968,3944849,6664842
GDP,GDP,C00035,GDP,4161521,2200749,2865405,2722554,3918359,2810058,2511090,4830118
Gluconic acid,GlcA,C00257,Gluconic acid,439431296,372484192,466100576,371598496,573991168,329234624,481613920,530130688
Glucosamine,GlcN,C00329,Glucosamine,7744418,3929205,5889798,4948122,7115936,4439280,5624960,11058513
Glucosamine-6-phosphate,GlcN-6P,C00352,Glucosamine-6-phosphate,624536,322924,497702,636182,558844,409158,596388,685554
Glucose,Glc,C00031,Glucose,812176192,470850080,592827840,581085504,775660800,542450624,613251200,902525248
Glucuronic acid,GlucA,C00191,Glucuronic acid,56624208,64242944,44879284,111418216,96912776,100797768,108598016,109923224
Glutamate,Glu,C00025,Glutamate,699106624,218891184,705355584,234697616,669593280,511431584,292788896,395514016
Glutamate,Glu,C00025,Std,5577472,6789522,5397730,6549816,4962270,5632380,5912986,5186052
Glutamine,Gln,C00064,Glutamine,389526400,356998784,514087008,284325376,430056192,263692544,360587008,456608608
Glutathione,GSH,C00051,Glutathione,466323360,177640272,237271888,127912416,208921552,153209008,199552560,322383328
Glutathione disulfide,GSSG,C00127,Glutathione disulfide,105707520,59331412,83180536,81977504,94129400,73878216,83065976,111457176
Glycerol,Glycerol,C00116,Glycerol,644634,263739,284352,491508,795731,307924,528438,1159607
Glycerol-3-phosphate,Glycerol-3P,C00093,Glycerol-3-phosphate,207895040,154701456,169544240,193401728,298708608,150207824,197860560,298582240
Glycine,Gly,C00037,Glycine,20482202,13799777,13554409,14806361,35948532,10260013,20465514,33997124
Glycine,Gly,C00037,Std,342867,264060,332411,274312,140274,309423,277041,205284
GMP,GMP,C00144,GMP,29851264,17208438,13922765,21767846,23552768,20383016,16634557,21567850
Guanosine,G,C00387,Guanosine,7642714,3609326,2255297,4278374,8932104,3328277,3158852,5541102
Hexose phosphate,G6P-F6P,C00085,Hexose phosphate,105148160,71237312,82156296,83692472,89445312,60297668,80725944,108845208
Histidine,His,C00135,Histidine,199631616,93421480,155081200,107587448,238289008,219230160,147063760,241008016
Histidine,His,C00135,Std,10445939,9940875,9613051,9454728,8525872,9089559,9590708,8609479
HMG-CoA,HMG-CoA,C00356,HMG-CoA,65855,15030,45452,19391,37968,8677,16853,41389
Homocysteine,Homocysteine,C00155,Homocysteine,20494,45748,96301,27913,40938,28607,40539,94768
Hydroxyproline,Pro-OH,C01157,Hydroxyproline,19934696,10103837,15156737,10650627,20177290,15501989,10094145,18966378
Hypoxanthine,Hypoxanthine,C00262,Hypoxanthine,97550624,59038708,35348972,61583436,147303088,22260978,55035104,131038328
Indole-3-propionic acid,IPA,HMDB0002302,Indole-3-propionic acid,0,9976,15133,0,13660,0,12035,16173
Inosine,Inosine,C00294,Inosine,32173994,22686384,13163312,30277126,61137712,9370897,29651954,65066964
Inosine monophosphate,IMP,C00130,Inosine monophosphate,52076420,75148696,47057136,81256048,138229152,10153460,99414184,157427856
Inositol,Inositol,C00137,Inositol,68083720,55070772,54892124,66545440,145105968,60604092,75592696,116249784
Isobutyryl-CoA,Isobutyryl-CoA,C00630,Isobutyryl-CoA,454642,106102,212586,206134,316321,209371,122879,311296
Isoleucine,Ile,C00407,Isoleucine,227586576,141960464,90761248,95921320,283945408,140401008,164637968,264697216
Lactate,Lac,C00186,Lactate,689785088,313431904,503603872,440331776,608140352,409154016,477000320,786676928
Leucine,Leu,C00123,Leucine,666582016,370512992,326212384,323925504,784593600,419873888,504256256,772002624
Leucine,Leu,C00123,Std,59397728,54506684,62610148,62056228,47273900,54827788,54910532,51214484
Lysine,Lys,C00047,Lysine,41440940,15042584,10664461,8723924,24147566,40462060,13987108,18637646
Lysine,Lys,C00047,Std,1002606,991449,924662,982196,784529,994693,990277,851083
Malate,Mal,C00149,Malate,371277568,332086880,335171328,270737888,413857184,430263264,314155744,300435104
Malonyl-CoA,Malonyl-CoA,C00083,Malonyl-CoA,5969,674,5003,1200,4710,0,493,4651
Methionine,Met,C00073,Methionine,33080010,19712290,18621228,19002866,32467622,28630968,24948950,35596996
Methionine,Met,C00073,Std,14335136,15219055,13535643,13537267,11628868,13726924,14528355,11847915
N-Acetylglucosamine,GlcNAc,C00140,N-Acetylglucosamine,587865,178582,236874,205152,436968,352768,225550,365435
N-Acetylglucosamine-6-phosphate,GlcNAc-6P,C00357,N-Acetylglucosamine-6-phosphate,5527254,2182764,3162353,2498177,5771668,2122239,2572644,3592805
NAD+,NAD+,C00003,NAD+,106011816,58648812,112924248,84334008,326740960,80913688,109744064,170698256
NADH,NADH,C00004,NADH,22027682,10856229,17201454,15511144,49099968,14482324,17671328,31659678
NADP+,NADP+,C00006,NADP+,6385918,4040848,4024046,4573146,8345394,3023352,4348742,6666428
NADPH,NADPH,C00005,NADPH,1242883,678936,1061428,894502,1242871,779642,651008,1216187
Nicotinamide,NAM,C00153,Nicotinamide,1434682752,633687488,456694112,837509184,3039923456,613377984,1122415872,1880169856
Nicotinamide mononucleotide,NMN,C00455,Nicotinamide mononucleotide,143626,48826,67260,112184,823659,395004,177800,208554
Ornithine,Ornithine,C00077,Ornithine,10028225,4422356,3461973,3217420,8893945,8442273,4443656,6993664
Orotate,Orotate,C00295,Orotate,613555,143023,286052,183950,619332,1609591,263286,410175
Orotidine,Orotidine,X00006,Orotidine,9108044,4073769,6452536,4024572,7749486,4776168,4127231,7142196
Palmitate,Palmitate,C00249,Palmitate,34896704,26766560,25080826,25811990,29449404,32474828,26632646,28072768
Pantothenate,Pantothenate,C00864,Pantothenate,44668628,30980880,83420696,34561492,60530644,168543792,38697600,67305152
Phenylalanine,Phe,C00079,Phenylalanine,100934496,77566408,51864724,57441572,126915816,152556224,87092992,126035936
Phenylalanine,Phe,C00079,Std,23680176,27720186,22939880,24114650,20201966,25452648,24345642,22120586
Phosphate,PO4,C00009,Phosphate,66322124,40214240,46555548,47985244,70239784,50542176,45417580,70504552
Phosphocholine,P-Choline,C00588,Phosphocholine,50600304,13853992,31250106,21082978,17967518,17139194,39991640,102067264
Phosphocreatine,P-Creatine,C02305,Phosphocreatine,1096317,477982,2421468,461979,1059295,6423518,883618,688894
Phosphoethanolamine,P-EtA,C00346,Phosphoethanolamine,13332404,8512176,8966413,6412570,14625176,12797883,5726740,9857125
Proline,Pro,C00148,Proline,115845504,88679992,47231680,60843184,106826808,91943336,84911528,106253528
Proline,Pro,C00148,Std,12801305,17755434,10029464,13993156,8900043,13132191,14353408,10263000
Propanoyl-CoA,Propanoyl-CoA,C00100,Propanoyl-CoA,72617,32477,34464,61796,79969,18916,30347,56538
Ribose-5-phosphate,R5P,C00117,Ribose-5-phosphate,19542766,16305596,15195845,21861338,30839954,11150811,21977422,31562106
S-Adenosyl-L-methionine,SAM,C00019,S-Adenosyl-L-methionine,13206980,8206500,10260363,8895619,7851898,11027939,7053628,9458130
Sedoheptulose-7-phosphate,S7P,C05382,Sedoheptulose-7-phosphate,29105096,18454630,18971522,22053118,27528184,16525797,20633722,28265690
Serine,Ser,C00065,Serine,27125198,24194914,21049752,21252362,27745190,51777780,27082080,35737040
Serine,Ser,C00065,Std,3597732,3474104,3184653,3502617,2600870,3207955,3299795,2695228
Sorbitol,Sorbitol,C00794,Sorbitol,18908044,9377689,11011216,12140853,18897386,9412171,13623087,29117536
Succinate,Succ,C00042,Succinate,126853032,50345140,84854520,81751336,114575320,87325272,73976184,133502808
Succinyl-CoA,Succinyl-CoA,C00091,Succinyl-CoA,10161,1686,11551,4571,9492,3960,3452,9088
Thiosulfate,HS2O3,C00320,Thiosulfate,3768515,665211,3694637,744705,2579146,596163,1210178,4137697
Threonine,Thr,C00188,Std,1682313,2185318,1669338,1824482,1488905,2009660,1619464,1469192
Threonine,Thr,C00188,Threonine,19601132,13766468,8104812,9842413,16171185,30646400,13583587,16736369
Thymine,Thymine,C00178,Thymine,9199271,2597680,2690348,2351936,4176653,1049915,1521351,2261976
Tryptophan,Trp,C00078,Tryptophan,44850944,23243760,26113296,22556320,41801972,27562536,32017184,46210928
Tyramine,Tyramine,C00483,Tyramine,2614690,1734193,1753455,1245872,2161449,2082301,2003817,1933971
Tyrosine,Tyr,C00082,Std,10692864,10428089,10571634,10159057,8066110,8051286,9857441,7726612
Tyrosine,Tyr,C00082,Tyrosine,43781140,25574518,21454546,23653938,43276496,32747674,33186670,44281856
UDP,UDP,C00015,UDP,14704493,7480678,10901583,12620373,18890558,10008375,10988091,19130086
UDP-glucose,UDP-Glc,C00029,UDP-glucose,139445552,83444088,108477720,93200472,142694384,33563996,72276224,114426920
UDP-N-acetylglucosamine,UDP-GlcNAc,C00043,UDP-N-acetylglucosamine,157100016,79131016,79059176,72921520,150323472,73743512,71990376,128235520
UMP,UMP,C00105,UMP,123622560,42953316,52796132,73837544,131444032,54182976,57847300,126439064
Uracil,Uracil,C00106,Uracil,10221083,4023897,4110647,3258628,6978698,5552950,3118815,5151646
Uric acid,Uric acid,C00366,Uric acid,140842752,149198352,138150928,178344304,160560912,145304128,172926144,171390992
Uridine,U,C00299,Uridine,229883520,90471672,69869976,132641192,146883232,65026028,104062952,166612304
UTP,UTP,C00075,UTP,2073066,1295620,2290028,1297480,2916853,1939120,1804014,3079466
Valine,Val,C00183,Std,15009460,14613259,13681604,14367003,12938747,12605897,13444000,11541304
Valine,Val,C00183,Valine,195472640,118806432,87523336,94999304,242221696,130603936,159522384,245672752
Xanthine,Xanthine,C00385,Xanthine,108387048,105215456,36641364,94694688,95054016,39750084,74785760,115764792
