Used_ID,Abb,KEGG.ID,Iso,Con21,Con22,Con23,Con24,IPA25,IPA26,IPA27,IPA28
1-Methylnicotinamide,MNA,C02918,1-Methylnicotinamide,6508182,4640564,3181219,5722240,2567394,2405508,1847067,944654
2-Aminobutyrate,2-AB,C02356,2-Aminobutyrate,7268802,6753500,3901140,6634476,9107408,7810476,9292498,21803322
2-Oxosuccinamate,2-Oxosuccinamate,C02362,2-Oxosuccinamate,1256856,918993,272717,561401,1019871,835935,1140680,1485443
2-PY,2-PY,C05842,2-PY,54677044,40904132,66053704,60677148,42979456,29286070,24331648,16706525
3-Phosphoglycerate,3PG,C00197,3-Phosphoglycerate,4029979,4879986,3520109,4188403,5500888,4572144,6452914,2474575
4-Hydroxyphenyllactate,4-OH-PheLac,C03672,4-Hydroxyphenyllactate,13715573,8039986,5489078,10131268,5979330,5776154,6246922,4385238
5-Methylthioadenosine,MTA,C00170,5-Methylthioadenosine,95849128,48816720,34271148,75320664,89422440,69529776,62344700,90866976
6-Phosphogluconate,6P-gluconate,C00345,6-Phosphogluconate,1597032,1966820,990128,1413669,1684331,1246118,1887744,1184343
a-Ketoglutarate,a-KG,C00026,a-Ketoglutarate,468998,643301,1010280,773435,926413,1290867,1450611,1867020
Acetyl-CoA,Acetyl-CoA,C00024,Acetyl-CoA,1103665,1636026,151750,583450,613408,520151,457569,418877
Acetylcarnitine,Ac-carnitine,C02571,Acetylcarnitine,1291542784,1109622400,1079591808,1370086272,891990848,919888192,1064359744,1416879232
Acetylcholine,Ac-choline,C01996,Acetylcholine,1976368,715625,635563,1839686,1207603,736221,1128198,572798
Adenine,Adenine,C00147,Adenine,16362512,19074502,10019413,19641008,11471871,10559999,16300213,20761410
Adenosine,A,C00212,Adenosine,735171520,640985536,311239328,678006336,561303808,446504416,492556544,681422400
ADP,ADP,C00008,ADP,102434376,115687424,58696420,82122552,83602152,75526216,99324904,110749824
Alanine,Ala,C00041,Alanine,195782832,150589488,79831872,195348752,150168112,159241744,144175808,177452528
Alanine,Ala,C00041,Std,1837939,2243909,2461013,1839852,1779948,1897986,2415750,1541318
AMP,AMP,C00020,AMP,173431104,161678864,67725672,179141808,101177240,105172456,102808008,235883312
Arginine,Arg,C00062,Arginine,2177080,1152761,1490848,2162674,1679920,2671614,2420372,2506892
Arginine,Arg,C00062,Std,6531602,7457704,7118384,7031968,6708114,6745010,8663609,6730900
Argininosuccinate,Arg-Succ,C03406,Argininosuccinate,298292,270057,197842,296952,253688,373222,256972,258258
Ascorbic acid,Vit-C,C00072,Ascorbic acid,404142336,137300944,223036672,60512652,271420960,350082784,51187312,584052160
Asparagine,Asn,C00152,Asparagine,24408090,20212698,9523392,18608032,19111114,19985344,17616898,22172542
Aspartate,Asp,C00049,Aspartate,114101544,99418240,87001424,124928760,140724624,123251384,150119216,175023408
Aspartate,Asp,C00049,Std,5468498,7168014,13972268,5104322,2704677,5862834,8703325,2230607
ATP,ATP,C00002,ATP,9204017,9506012,6422092,5770418,12323229,8878589,16805430,8432093
Carnitine,Carnitine,C00318,Carnitine,910778560,711839424,478273184,992138240,936791232,735075520,868221248,1047851520
CDP,CDP,C00112,CDP,584435,498509,447197,351365,662252,527363,621367,338945
CDP-choline,CDP-choline,C00307,CDP-choline,5477000,6110106,1902198,5042294,4608780,3726420,5984698,10477013
CDP-ethanolamine,CDP-EtA,C00570,CDP-ethanolamine,6737846,6203930,2025490,6357348,5227496,5321678,6924160,8806213
Choline,Choline,C00114,Choline,366872160,236961728,105979816,305388896,345090496,278580480,365272800,258757168
Citrate,Cit,C00158,Citrate,86239832,79682952,69453888,96536960,97049216,104762792,119983192,112300824
Citrulline,Citrulline,C00327,Citrulline,9048036,7403470,5255214,7488148,8016042,15091781,9925577,9966764
CMP,CMP,C00055,CMP,3100432,2451618,1650137,3481759,2195627,2348102,2156511,3354241
CoA,CoA,C00010,CoA,589225,725598,273352,639968,496542,340256,359127,672375
Creatine,Creatine,C00300,Creatine,550182592,570313920,283553760,545882432,436845600,518048160,524102496,622355008
Creatinine,Creatinine,C00791,Creatinine,62585188,70042400,32713046,77581256,81255336,62802544,22433066,102492960
Cystathionine,Cystathionine,C02291,Cystathionine,1767033,750975,761189,895860,1076570,1831295,1366686,939481
Cytidine,C,D07769,Cytidine,3302562,2342155,1431946,2402691,3903168,2959208,3197949,4722382
Cytosine,Cytosine,C00380,Cytosine,4179770,3776991,1895684,4978080,5673458,5192678,5641446,7785918
Deoxyadenosine,dA,C00559,Deoxyadenosine,893383,706562,519098,1085675,1179221,770600,880620,1623726
Deoxyguanosine,dG,C00330,Deoxyguanosine,4468654,2980443,1096542,3451549,2036801,1619950,3920655,6059850
Deoxythymidine,dT,C00214,Deoxythymidine,2891081,2791610,694007,3381666,3490676,2427863,2814657,4771549
Deoxyuridine,dU,C00526,Deoxyuridine,3156126,2581921,732376,3277200,2836099,2377715,3372426,4541434
Dihydroxyacetone-phosphate,DHAP,C00111,Dihydroxyacetone-phosphate,1037280,904068,426496,1052467,686131,679288,778551,361552
Dimethylglycine,DMG,C01026,Dimethylglycine,41109224,27390408,18974506,28439856,52149108,52087892,42313204,35368768
"Fructose-1,6-bisphosphate",F16BP,C00354,"Fructose-1,6-bisphosphate",5072702,5392644,1302853,7380368,2712580,2828149,3320297,856604
g-GluCys,g-GluCys,C00669,g-GluCys,954839,1379655,552824,1671756,1117915,813931,808327,2008849
GABA,GABA,C00334,GABA,6398390,7718150,3082418,6732512,3724537,4078439,3393920,9359117
GDP,GDP,C00035,GDP,3899312,4805904,1892124,2871204,3296760,2936742,3754521,4164684
Gluconic acid,GlcA,C00257,Gluconic acid,447015168,401726944,272118496,377985280,457828128,359612928,435308032,612145152
Glucosamine,GlcN,C00329,Glucosamine,8653348,5975398,2909791,6918562,5885744,5642382,6570420,6684024
Glucosamine-6-phosphate,GlcN-6P,C00352,Glucosamine-6-phosphate,501887,504747,361184,562760,486605,545259,625536,526821
Glucose,Glc,C00031,Glucose,788561600,739455488,373854848,704808576,688763456,633054464,667969920,643402816
Glucuronic acid,GlucA,C00191,Glucuronic acid,158321168,112680984,77796008,128178200,140630768,130274376,166429168,141455760
Glutamate,Glu,C00025,Glutamate,333865888,296978816,220845744,514977152,323507232,287384192,364175648,625326848
Glutamate,Glu,C00025,Std,5729120,7036346,7907576,5413753,5875766,6519552,6509290,5032404
Glutamine,Gln,C00064,Glutamine,458320384,447810336,302710304,515718496,456175776,461136608,472627104,630945856
Glutathione,GSH,C00051,Glutathione,291949152,361266720,159477136,326652896,278362336,254468544,280907264,290502368
Glutathione disulfide,GSSG,C00127,Glutathione disulfide,85242144,73495584,46208692,79738152,82584168,92173080,103808360,96200536
Glycerol,Glycerol,C00116,Glycerol,858062,712850,235720,902531,418597,496966,393163,930611
Glycerol-3-phosphate,Glycerol-3P,C00093,Glycerol-3-phosphate,244618096,203976592,119836128,230404784,215732224,205354096,192324608,210996816
Glycine,Gly,C00037,Glycine,21013166,15973567,7539286,16157696,19027372,17558748,19023672,25487600
Glycine,Gly,C00037,Std,254488,316544,299642,308098,259057,307185,336278,212624
GMP,GMP,C00144,GMP,31964880,35300528,15381843,35576016,17631698,19702370,15192015,35758284
Guanosine,G,C00387,Guanosine,8685592,5262232,2153831,9065980,4326184,3683916,2874729,6247114
Hexose phosphate,G6P-F6P,C00085,Hexose phosphate,99490296,85010376,49801540,93725696,92258664,74250464,77376600,83545368
Histidine,His,C00135,Histidine,211622144,147893552,93452408,166166032,173334400,166266224,177828272,192338048
Histidine,His,C00135,Std,9386224,10033712,9394059,9273541,9266656,9634073,11657175,9485737
HMG-CoA,HMG-CoA,C00356,HMG-CoA,23719,32097,5399,10975,20867,14474,13849,13776
Homocysteine,Homocysteine,C00155,Homocysteine,57538,80504,32251,133160,73604,49860,102332,214538
Hydroxyproline,Pro-OH,C01157,Hydroxyproline,11338871,9194531,3624360,10745155,10273635,10650762,10430125,17432390
Hypoxanthine,Hypoxanthine,C00262,Hypoxanthine,89495592,79752248,21144630,94091432,59232336,58563504,35603748,40719296
Indole-3-propionic acid,IPA,HMDB0002302,Indole-3-propionic acid,9270,13578,0,17669,279005,475446,395002,424766
Inosine,Inosine,C00294,Inosine,45428796,41682996,13340360,51187700,35079632,33476600,21057266,12056227
Inosine monophosphate,IMP,C00130,Inosine monophosphate,80397912,99484768,61391132,94620104,128310616,107538120,90915528,82360536
Inositol,Inositol,C00137,Inositol,97312448,80233224,38914508,104516152,96760480,79159904,82535464,113962952
Isobutyryl-CoA,Isobutyryl-CoA,C00630,Isobutyryl-CoA,279524,409499,40442,208619,154978,144652,148813,377241
Isoleucine,Ile,C00407,Isoleucine,262346352,160860512,88246752,181687168,195415424,196909136,142111600,171576624
Lactate,Lac,C00186,Lactate,681299776,515288736,227545680,623120640,396311776,466271072,410081376,429768160
Leucine,Leu,C00123,Leucine,786528576,496277248,257641136,535685120,603770432,551142464,449256864,535134976
Leucine,Leu,C00123,Std,47862052,64434404,59804868,55360036,54090768,55007220,64707580,56971980
Lysine,Lys,C00047,Lysine,19714408,12787611,8051930,14570971,15769944,17104142,13109623,12292268
Lysine,Lys,C00047,Std,916880,988776,1041290,966766,906150,951563,1206729,867943
Malate,Mal,C00149,Malate,317055328,267556592,261384976,332890016,311086656,295317888,384898848,340732576
Malonyl-CoA,Malonyl-CoA,C00083,Malonyl-CoA,1892,5608,0,2262,520,542,1307,401
Methionine,Met,C00073,Methionine,24999440,26024960,9146963,24193664,28881286,27070528,20863410,29273752
Methionine,Met,C00073,Std,12718557,16210389,16988464,13403171,13616631,13650256,16796618,13484767
N-Acetylglucosamine,GlcNAc,C00140,N-Acetylglucosamine,208402,196018,78445,274189,194146,322575,249075,544907
N-Acetylglucosamine-6-phosphate,GlcNAc-6P,C00357,N-Acetylglucosamine-6-phosphate,3172152,2798885,1044311,2826504,2965130,2901199,3223165,4811630
NAD+,NAD+,C00003,NAD+,73288216,72286824,52993676,52294748,86614152,80700280,102476888,137308784
NADH,NADH,C00004,NADH,19656022,22538344,12059928,14814903,21722232,16566723,20238790,21361846
NADP+,NADP+,C00006,NADP+,3678345,4452516,1848123,3693744,3795585,3420839,3802075,7284050
NADPH,NADPH,C00005,NADPH,1068216,1325054,407714,833217,1020258,685039,1218456,1112528
Nicotinamide,NAM,C00153,Nicotinamide,2016903680,1507494528,785121856,2492402432,920319296,1241713280,705353664,588803200
Nicotinamide mononucleotide,NMN,C00455,Nicotinamide mononucleotide,86988,104254,57025,149160,122039,173314,222549,235887
Ornithine,Ornithine,C00077,Ornithine,5401180,4437842,2379674,4575110,3975671,4683155,4238601,3893229
Orotate,Orotate,C00295,Orotate,242541,223469,57447,371235,143158,305715,329447,360335
Orotidine,Orotidine,X00006,Orotidine,4729336,4296126,1975906,4862438,4914906,4985536,5288601,7002132
Palmitate,Palmitate,C00249,Palmitate,32089356,28523548,33160268,25841440,27670790,29528916,36373300,34210100
Pantothenate,Pantothenate,C00864,Pantothenate,60108268,42747388,18060566,33397240,51578084,35464972,44947444,51572548
Phenylalanine,Phe,C00079,Phenylalanine,148312752,83450632,49024272,92505024,113640664,106130280,85319200,97829080
Phenylalanine,Phe,C00079,Std,23914104,25434422,29788870,22081130,25592880,26600018,28929718,24859126
Phosphate,PO4,C00009,Phosphate,62114368,58536844,29868250,59723588,52807548,49399968,47935348,69942720
Phosphocholine,P-Choline,C00588,Phosphocholine,70609368,27932198,31525954,45660228,72278232,26464312,44743776,16955186
Phosphocreatine,P-Creatine,C02305,Phosphocreatine,545941,511584,315387,277103,784896,711958,854847,797481
Phosphoethanolamine,P-EtA,C00346,Phosphoethanolamine,6578158,5517884,2752196,5968362,7045864,5725608,8240512,13825859
Proline,Pro,C00148,Proline,126261024,82376424,67271672,86192416,90297504,112809752,79791608,99553728
Proline,Pro,C00148,Std,12879276,15081892,19101498,11498084,13200527,14373288,16125179,11854995
Propanoyl-CoA,Propanoyl-CoA,C00100,Propanoyl-CoA,69799,150168,4956,77210,33073,31229,20117,125642
Ribose-5-phosphate,R5P,C00117,Ribose-5-phosphate,27787474,26990392,13093787,30631384,28220888,23600478,19114990,22953334
S-Adenosyl-L-methionine,SAM,C00019,S-Adenosyl-L-methionine,13392939,9442589,5648920,11921696,12166955,9786801,11194399,11969749
Sedoheptulose-7-phosphate,S7P,C05382,Sedoheptulose-7-phosphate,23665738,24851666,13627408,24919906,29045686,22317490,21852886,24720010
Serine,Ser,C00065,Serine,43012168,22290550,15294101,24712152,35519668,32157374,41617980,47915364
Serine,Ser,C00065,Std,3206058,3857123,4095397,3331647,3070067,3325969,3456238,2984691
Sorbitol,Sorbitol,C00794,Sorbitol,24178854,20455412,5983578,20589856,13247867,13701429,9994989,13567340
Succinate,Succ,C00042,Succinate,88975688,87402352,41186524,86258712,72407848,61844224,79039576,117948544
Succinyl-CoA,Succinyl-CoA,C00091,Succinyl-CoA,4157,7026,478,2165,4667,5002,4661,6018
Thiosulfate,HS2O3,C00320,Thiosulfate,2769781,7036862,335545,1589419,1471678,4315242,1959827,3900863
Threonine,Thr,C00188,Std,1728055,1803741,2381703,1559829,1611963,1759541,1647358,1591204
Threonine,Thr,C00188,Threonine,19547928,10812847,8285840,13958357,13815523,16688908,12061767,15530455
Thymine,Thymine,C00178,Thymine,2372925,2081107,457654,2396467,2473068,1991537,2206178,3736506
Tryptophan,Trp,C00078,Tryptophan,53881116,37715412,15760571,39920936,32846038,35942376,39866764,36486104
Tyramine,Tyramine,C00483,Tyramine,2079893,2185813,1428266,1362488,1953436,2085123,2514647,1343779
Tyrosine,Tyr,C00082,Std,8667051,10048824,11910341,8635127,9782005,9813498,12515116,10720799
Tyrosine,Tyr,C00082,Tyrosine,52611796,28721296,18708340,37376368,39842564,38567796,41967804,41409244
UDP,UDP,C00015,UDP,17679002,16371469,7146862,9091184,13070067,12286996,15107040,13428132
UDP-glucose,UDP-Glc,C00029,UDP-glucose,85099224,105106952,51830512,96793208,112830840,96791424,104701952,106882536
UDP-N-acetylglucosamine,UDP-GlcNAc,C00043,UDP-N-acetylglucosamine,94801800,96591368,41574684,76659544,90408480,85450560,73125088,99019432
UMP,UMP,C00105,UMP,121560000,95096712,40934472,110780120,77014976,74945608,63409300,145513072
Uracil,Uracil,C00106,Uracil,5147520,4715874,1845910,6723814,4395244,4209282,4634832,6168002
Uric acid,Uric acid,C00366,Uric acid,156610064,182242368,144518528,163035088,175617104,158647072,157663920,135189696
Uridine,U,C00299,Uridine,267901488,180108432,58810636,209332864,122576664,112127912,115345024,167064240
UTP,UTP,C00075,UTP,1573294,1345646,856237,725330,2081493,1560503,2714961,1018924
Valine,Val,C00183,Std,13101332,14397304,15690087,13459397,13230133,13350107,15765657,13516888
Valine,Val,C00183,Valine,243714384,149665296,86354840,162587264,182791808,173348736,146437392,144724528
Xanthine,Xanthine,C00385,Xanthine,148799136,149658096,56265136,170534304,98739192,102187288,57178716,47008676
