Used_ID,Abb,KEGG.ID,Iso,Chow9,Chow10,Chow11,Chow12,Con13,Con14,Con15,Con16,NAM17,NAM18,NAM19,NAM20
1-Methylnicotinamide,MNA,C02918,1-Methylnicotinamide,815061,935050,980156,638472,740763,1004168,415833,1198238,24500826,16597979,21470224,28299206
2-Aminobutyrate,2-AB,C02356,2-Aminobutyrate,1193572,1266905,852588,1046004,1527536,2095932,2021724,1355518,1264385,8066108,1095951,1099725
2-Oxosuccinamate,2-Oxosuccinamate,C02362,2-Oxosuccinamate,1849757,1615894,2191363,801693,1882426,1236682,739218,1562160,1251153,1481770,1500798,2087827
2-PY,2-PY,C05842,2-PY,10169113,10030904,12293277,6863352,9670181,8821301,13316868,16719448,159623104,166748016,134778672,134156856
3-Phosphoglycerate,3PG,C00197,3-Phosphoglycerate,9658872,7733176,7798202,6976562,6200086,3192559,2463294,4546108,3928526,4790422,6024822,6836126
4-Hydroxyphenyllactate,4-OH-PheLac,C03672,4-Hydroxyphenyllactate,3382904,3453266,4279904,3461305,5225284,1846127,2402228,4161065,3748683,17035754,4548154,4298462
5-Methylthioadenosine,MTA,C00170,5-Methylthioadenosine,30110874,36293412,26394786,40506060,49780372,40455136,41277344,44071564,40731168,68611448,29102202,46992876
6-Phosphogluconate,6P-gluconate,C00345,6-Phosphogluconate,377474,196549,386801,679463,304840,71565,40999,105350,195254,155257,217684,202295
Acetyl-CoA,Acetyl-CoA,C00024,Acetyl-CoA,1063996,676514,1191394,370706,439993,68991,113189,165490,282723,572218,327304,404679
Acetylcarnitine,Ac-carnitine,C02571,Acetylcarnitine,2471544064,2737933056,2932574976,2598222592,2571055872,2161347328,2436279552,2294957568,2693698560,2794901760,2586755840,2240684288
Acetylcholine,Ac-choline,C01996,Acetylcholine,28194102,35587068,36291508,34599724,41792492,34302084,19812072,21746156,56155168,65035044,25787752,47326988
Adenine,Adenine,C00147,Adenine,33412106,20099250,31451142,56652272,30385374,23539514,26719838,38296848,31709238,21688400,29260566,29621590
Adenosine,A,C00212,Adenosine,895645504,977704640,1105583232,1280004352,1115728000,804181184,775247296,1121901568,1089910144,785075008,1337192704,984925184
ADP,ADP,C00008,ADP,239084464,171467264,234940688,100419048,149566192,76485864,72380488,104116248,82045368,130972408,105743048,145344560
Alanine,Ala,C00041,Alanine,124134240,109281320,137102736,148873904,143828560,115308248,111501440,133832792,153837040,177849936,152408400,131205448
Alanine,Ala,C00041,Std,1821344,1827373,1969068,1767951,1805157,2083587,2088984,1997768,1586450,1601536,1896883,1914749
AMP,AMP,C00020,AMP,301721824,315472832,318185536,448642048,363486464,164966032,202519792,250316160,248658352,299263712,284830272,273170848
Arginine,Arg,C00062,Arginine,52596372,68499632,59431936,68204856,82318648,44626900,69129880,68541608,48942764,104541464,39975144,54823708
Arginine,Arg,C00062,Std,6487476,6159112,6578550,6517580,6397674,6275154,6624020,6518190,6376842,6357290,7042918,6328574
Argininosuccinate,Arg-Succ,C03406,Argininosuccinate,262797,320915,398578,270156,448122,175177,299590,202020,114851,882004,151021,175751
Asparagine,Asn,C00152,Asparagine,34416712,37425412,33743740,36338348,52340768,39147436,31882736,46425772,40616848,46439100,35810580,48091952
Aspartate,Asp,C00049,Aspartate,351844352,248201728,314250112,294259936,253335856,215579648,184547968,348050592,264927696,183118416,304144064,389801216
Aspartate,Asp,C00049,Std,5107797,3223821,4666190,5461400,3687212,5859040,7143456,4731348,4843182,5969452,3001843,5020312
ATP,ATP,C00002,ATP,48337376,16157111,44149936,6681810,11441528,3584300,2718767,4736200,4326648,11726075,7112954,12393825
Carnitine,Carnitine,C00318,Carnitine,1977222528,1849451648,1820738176,1532559488,982673600,995794112,1046765568,1771107712,1180226816,1150988928,1520886784,1395645440
CDP,CDP,C00112,CDP,1829084,1268144,1697353,296844,790036,353901,387466,504285,346662,1237119,605729,1070923
CDP-choline,CDP-choline,C00307,CDP-choline,3601380,2989350,2904708,3672338,2405595,1848138,2092716,2339565,2342202,2403908,2217719,2010786
CDP-ethanolamine,CDP-EtA,C00570,CDP-ethanolamine,4921796,4341246,4506852,3737963,3326141,3479866,1943377,2855124,3652722,6857190,2701563,3159352
Choline,Choline,C00114,Choline,117202856,138231248,130053112,98757048,109824184,101223368,78303384,137111504,114282600,159298416,119038136,100192584
Citrate,Cit,C00158,Citrate,444879584,492675808,485588352,324965920,442889248,291137696,239256656,311028608,321585376,526634144,364510464,369868320
Citrulline,Citrulline,C00327,Citrulline,89766848,77497480,96298584,77719496,71558216,51744020,72398504,68015640,64060116,97165192,56412992,61130092
CMP,CMP,C00055,CMP,3134625,3074200,3002619,2038208,2879857,2180208,2182007,2452398,2678423,4243080,2322735,3390145
CoA,CoA,C00010,CoA,658018,275004,487003,203802,168425,70714,60601,168228,113592,99468,134076,133155
Creatine,Creatine,C00300,Creatine,3994725120,3855053824,4180487168,3927563520,3793750784,3329574144,3471660032,3802351872,3381614336,4718514176,4022686464,3679644416
Creatinine,Creatinine,C00791,Creatinine,171434800,156803824,176895920,148822416,161780160,128599752,105880832,153866720,136720272,191071152,144263184,143913040
Cystathionine,Cystathionine,C02291,Cystathionine,186906,221091,185193,110898,136834,179263,96855,133071,128288,198954,104735,139947
Cytidine,C,D07769,Cytidine,18346366,17335686,20933882,25785878,19324742,17147150,16260340,22144722,23902566,15477635,26410976,20306762
Cytosine,Cytosine,C00380,Cytosine,6421126,6679862,7061802,5923468,9778092,7601180,6628086,7572002,7800368,16289860,7632184,6965186
Deoxyadenosine,dA,C00559,Deoxyadenosine,526961,439523,556075,894830,547295,279045,410845,454766,456480,553826,398674,386141
Deoxyguanosine,dG,C00330,Deoxyguanosine,197519,280502,269172,469447,259819,245366,209363,391298,521805,415753,466956,348192
Deoxythymidine,dT,C00214,Deoxythymidine,9324190,9721087,9592361,7339580,18508762,9689179,6306554,7484356,5212424,10771966,7629758,5563336
Deoxyuridine,dU,C00526,Deoxyuridine,6511890,6559734,6957176,4683556,11426995,7021728,3936887,4898462,3234922,7431938,3588480,3146035
Dihydroxyacetone-phosphate,DHAP,C00111,Dihydroxyacetone-phosphate,672871,543679,452951,734116,650828,465292,415092,576002,685581,736855,422748,915388
Dimethylglycine,DMG,C01026,Dimethylglycine,1022039,1059789,1246218,1032094,1025662,1455889,2030528,947530,603639,1897902,639224,686003
"Fructose-1,6-bisphosphate",F16BP,C00354,"Fructose-1,6-bisphosphate",40614604,18132484,30920208,19741296,15206608,2244232,2025444,4881632,4647838,11431471,9954708,14463135
GABA,GABA,C00334,GABA,2118682,4247980,3484614,5271690,2410975,1246472,1994722,850364,4334944,2167287,1678494,1929073
GDP,GDP,C00035,GDP,4883250,2502000,4017172,1692617,2225216,775987,806525,1277384,1112698,1255126,1459472,2154652
Gluconic acid,GlcA,C00257,Gluconic acid,51432176,44582852,53435180,41064548,58719756,50385696,40583516,35837548,43536652,52891552,33806812,50655500
Glucosamine,GlcN,C00329,Glucosamine,118327,54568,145546,89734,152770,80674,93218,207371,270256,644518,122938,256045
Glucosamine-6-phosphate,GlcN-6P,C00352,Glucosamine-6-phosphate,540289,404824,633137,304954,401685,244002,544164,314495,393483,668976,388900,520425
Glucose,Glc,C00031,Glucose,39117116,36786892,50895712,28633590,55086188,33873620,45439212,55472752,83556672,144494192,44991664,70485888
Glucuronic acid,GlucA,C00191,Glucuronic acid,1940402,1564351,1774632,1413984,1383836,1150741,1227256,1166020,1630246,2136213,1268959,1502170
Glutamate,Glu,C00025,Glutamate,752764352,870464960,805451456,755360576,815704384,693433280,454849888,772100416,915070528,475252608,852829248,871048128
Glutamate,Glu,C00025,Std,4015228,4026896,3567431,4828502,3664430,4826830,5027600,4415542,4279650,4290808,4158755,4183832
Glutamine,Gln,C00064,Glutamine,476628096,423571072,425102208,497493888,480784384,370645024,486537504,476617088,417442432,395885984,397726176,426380960
Glutathione,GSH,C00051,Glutathione,31102048,14240152,29829312,10493464,17090214,8754623,6574678,8680426,11152265,3671943,11201347,16376357
Glutathione disulfide,GSSG,C00127,Glutathione disulfide,30566232,36948564,35391200,27152222,41110644,30038474,25188088,34702272,35934956,42632108,28727962,35997524
Glycerol,Glycerol,C00116,Glycerol,333030,403986,598038,495498,708820,569581,597933,513880,893004,409169,943444,783302
Glycerol-3-phosphate,Glycerol-3P,C00093,Glycerol-3-phosphate,58711828,53958768,66410764,110246272,71438584,57265140,66071308,80989528,83504344,75642736,71811800,66672800
Glycine,Gly,C00037,Glycine,6400202,6297552,6731746,6309578,6809328,6613250,3527538,5738288,6964872,6302606,6340696,7720712
Glycine,Gly,C00037,Std,305106,297536,294109,327933,326511,321219,305414,262599,380879,283935,330000,323564
GMP,GMP,C00144,GMP,16564145,13923840,15726095,14861856,14807412,8699443,9947172,12273704,12542257,11346500,10830572,13053659
Guanosine,G,C00387,Guanosine,2430241,2463689,2838088,6222698,2788905,2254369,1757871,2709644,2959459,1185050,2580051,2535666
Hexose phosphate,G6P-F6P,C00085,Hexose phosphate,80982976,71939608,98404200,47445108,74873880,51921760,73321624,48700192,56304844,97924280,39835236,79282848
Histidine,His,C00135,Histidine,74892408,65565236,78144352,74881976,87405448,42294800,46807444,93473816,88764384,183478064,87253152,89391720
Histidine,His,C00135,Std,9090538,8603443,8976683,9382260,9263945,9171821,9996580,8758480,9143907,9072734,9569843,9177143
HMG-CoA,HMG-CoA,C00356,HMG-CoA,3356,1305,7048,0,728,0,0,0,0,0,0,0
Homocysteine,Homocysteine,C00155,Homocysteine,64060,97160,68992,64113,101409,118138,77574,85982,78186,51010,70579,30345
Hydroxyproline,Pro-OH,C01157,Hydroxyproline,28411928,27584630,31824290,23591466,32439662,39644192,16761019,32528858,31919144,31913994,26346416,24723168
Hypoxanthine,Hypoxanthine,C00262,Hypoxanthine,26649642,21066410,24127806,78329496,27214014,16990106,24271510,26642318,39828696,12589563,32333510,23422738
Indole-3-propionic acid,IPA,HMDB0002302,Indole-3-propionic acid,37593,58919,61681,23274,0,0,0,0,0,8474,0,7712
Inosine,Inosine,C00294,Inosine,10467605,8443831,7407870,29087000,6185314,4639280,6082326,10145269,9193081,1892092,6163954,9462283
Inosine monophosphate,IMP,C00130,Inosine monophosphate,67338328,45304788,39762972,32510806,23107090,19879402,30151374,43525044,27532010,8401936,36413068,57237888
Inositol,Inositol,C00137,Inositol,202369488,187476288,210510928,174785392,136806832,138371696,115450624,108222440,187077808,199519248,101096928,188510592
Isobutyryl-CoA,Isobutyryl-CoA,C00630,Isobutyryl-CoA,133622,90572,175713,61154,113803,27339,25353,32756,58439,139530,65891,71114
Isoleucine,Ile,C00407,Isoleucine,67197096,89875264,77431912,69859056,84091816,80025128,41471316,61096448,80548872,79767624,66583396,65214196
Lactate,Lac,C00186,Lactate,608104896,445231104,725596160,777924288,649794304,364974208,512334560,503593312,568581952,834199872,587923712,582563648
Leucine,Leu,C00123,Leucine,127081720,157564848,140037888,126597944,131712768,115815808,66746720,114897632,164409392,189798160,130265448,130721184
Leucine,Leu,C00123,Std,32367240,30827774,33203974,32568110,33463832,35262604,36007120,34365080,35162168,39990812,32668410,36283620
Lysine,Lys,C00047,Lysine,20591386,25398880,20700106,22963374,65215884,29136538,23111798,27414130,15728203,50873964,15827356,21305966
Lysine,Lys,C00047,Std,978595,1022883,961829,1034451,1043268,997339,964434,1022955,942919,894532,1007647,942462
Malate,Mal,C00149,Malate,348816640,354249120,386741376,332819680,382258848,382969504,322847744,408996256,340046080,440622304,429673632,387404640
Malonyl-CoA,Malonyl-CoA,C00083,Malonyl-CoA,129273,32039,99738,9265,18535,0,443,5020,3460,10615,6969,15806
Methionine,Met,C00073,Methionine,37210900,38128356,40735636,35149608,61954156,37380752,35012852,47259796,43529364,78257880,49374492,46711392
Methionine,Met,C00073,Std,13405389,12357205,13258683,14337901,14619845,14019927,13944144,13106547,13646117,12615479,14696280,13834123
N-Acetylglucosamine,GlcNAc,C00140,N-Acetylglucosamine,16096,0,9175,15966,42862,55978,29500,8532,0,46530,58233,18001
N-Acetylglucosamine-6-phosphate,GlcNAc-6P,C00357,N-Acetylglucosamine-6-phosphate,1048803,724492,1181471,745706,875121,1951274,1082181,1539711,1040514,1241632,1215831,1055315
NAD+,NAD+,C00003,NAD+,107456288,100712776,117456392,89647904,94647968,65203232,63067380,88749856,89614808,135509440,81837144,93164392
NADH,NADH,C00004,NADH,23206850,16455096,25845600,15550468,19478050,11612231,10741425,16953874,15587696,32123232,13538308,23636936
NADP+,NADP+,C00006,NADP+,2834255,1357274,2399248,935686,1151356,353058,372938,720561,637444,1124936,968292,995773
NADPH,NADPH,C00005,NADPH,977949,377324,884017,189232,410692,73245,73351,187182,154725,397832,210568,376593
Nicotinamide,NAM,C00153,Nicotinamide,1034281472,1013981184,1022561984,980996928,1059696064,649106816,709236736,989655744,1050950336,1255559552,1690748800,1241971840
Nicotinamide mononucleotide,NMN,C00455,Nicotinamide mononucleotide,203416,192486,178759,198504,127130,117625,47402,181178,166620,218146,131620,151119
Ornithine,Ornithine,C00077,Ornithine,273935,352785,270357,407800,361660,329113,267696,271494,249456,419618,208252,231690
Orotate,Orotate,C00295,Orotate,90705,96884,209963,241083,411953,261178,188054,170374,240630,399310,201531,228713
Orotidine,Orotidine,X00006,Orotidine,3069894,3222084,3443382,2900014,4778561,4509846,3121281,2833000,4711659,5106470,3481083,4271544
Palmitate,Palmitate,C00249,Palmitate,50037856,43068788,36377068,43464544,57276484,37712452,50114060,33253916,33352852,32020548,34449316,30146764
Pantothenate,Pantothenate,C00864,Pantothenate,286995072,291369824,320189984,246388080,247241104,242861648,434071296,323522112,370291488,909249472,412417056,345618016
Phenylalanine,Phe,C00079,Phenylalanine,65007252,76672368,73362912,64088556,64627348,43048416,35423912,53911396,62728060,234724592,54639700,53897388
Phenylalanine,Phe,C00079,Std,24918394,26023862,25950832,26068966,24470440,27256926,26936112,25281190,26500858,25950286,24491240,24992432
Phosphate,PO4,C00009,Phosphate,86894120,86676344,88702872,110737080,97582728,59961440,65550092,78687672,79544152,97692056,82130056,78694856
Phosphocholine,P-Choline,C00588,Phosphocholine,18145498,20191834,21251736,17503014,23164926,16631549,15350576,15844851,22084852,24220584,18016090,20532946
Phosphocreatine,P-Creatine,C02305,Phosphocreatine,32458762,18327442,41107424,19640744,20623018,16197440,12022952,11716989,15391680,39780976,16644307,26890608
Phosphoethanolamine,P-EtA,C00346,Phosphoethanolamine,6960664,7656706,7339562,7859000,8530623,6436938,3507663,6185022,8632013,11131153,4834442,7325518
Proline,Pro,C00148,Proline,30522162,34366988,32635936,32045712,58220432,36561268,32757398,32069086,38837284,111493920,33515010,37763696
Proline,Pro,C00148,Std,9418667,10397240,10109733,9804729,10924090,11506012,11266176,9468101,10689559,10704337,10038609,9870771
Propanoyl-CoA,Propanoyl-CoA,C00100,Propanoyl-CoA,43561,23823,45470,12465,10571,511,1268,10559,2820,10001,12193,15760
Ribose-5-phosphate,R5P,C00117,Ribose-5-phosphate,2536082,2972372,3356859,5478302,2788908,2374436,2255256,2446915,2472833,2352097,2392417,2416063
S-Adenosyl-L-methionine,SAM,C00019,S-Adenosyl-L-methionine,8318720,10027039,8942655,11097001,11704371,8884489,9271913,11219845,10558337,14329045,7843584,9267647
Sedoheptulose-7-phosphate,S7P,C05382,Sedoheptulose-7-phosphate,444620,440079,644664,682771,507450,518460,540430,398211,673969,785863,382285,633988
Serine,Ser,C00065,Serine,44788660,47868380,46381472,40655120,64607764,62027712,42438692,71963528,60705500,83644944,60370752,66759568
Serine,Ser,C00065,Std,3227655,2859907,2853853,2942485,2584474,3110548,3511445,3006427,2885736,2618809,3306538,3067155
Sorbitol,Sorbitol,C00794,Sorbitol,25741744,21447928,23808826,19196894,34650732,26932080,26106736,39744820,36984888,184549648,31509760,34372444
Succinate,Succ,C00042,Succinate,95512480,96558536,123424712,181012480,114060824,83479064,97544552,125105176,123853440,128090456,107624680,88122680
Succinyl-CoA,Succinyl-CoA,C00091,Succinyl-CoA,17024,2886,10286,1353,3761,393,0,0,0,627,1854,4219
Thiosulfate,HS2O3,C00320,Thiosulfate,4117037,715152,2299003,469677,992294,289527,305448,242249,238684,563324,374143,484779
Threonine,Thr,C00188,Std,1245838,1355690,1347100,1261005,1407772,1751942,1539754,1433585,1329283,1195142,1359709,1462903
Threonine,Thr,C00188,Threonine,21180546,23663368,20817368,22225194,30884358,22107722,21197086,23823486,19160792,36966556,23733594,25195018
Thymine,Thymine,C00178,Thymine,6804944,6396030,6749870,5370224,13714679,7119770,4615005,5420168,3811250,8303506,5547165,3962251
Tryptophan,Trp,C00078,Tryptophan,21890786,21065428,23948626,28870070,30134000,16223085,19081926,25018410,18649720,31279990,22196838,24754760
Tyramine,Tyramine,C00483,Tyramine,2002032,2049468,2165925,2243551,1598476,1602104,2142366,2107171,1676591,1546976,2098106,2296401
Tyrosine,Tyr,C00082,Std,9454485,9345536,9683737,9642049,10281725,11115636,10356436,10511235,10244354,10402745,10541263,11423237
Tyrosine,Tyr,C00082,Tyrosine,22805678,23951978,25965296,21149550,27228694,14251167,11804177,27432582,22953638,52923132,28274024,30660048
UDP,UDP,C00015,UDP,10040954,6681036,8423181,2705819,5304638,2016482,2603733,2949545,2477652,4256812,3181281,5520478
UDP-glucose,UDP-Glc,C00029,UDP-glucose,16252612,12821603,16606573,4581550,9131936,4974370,4335586,6480290,6656608,6774834,7503534,9873767
UDP-N-acetylglucosamine,UDP-GlcNAc,C00043,UDP-N-acetylglucosamine,13652213,11867512,15836699,9299741,11665060,6689114,5818972,8208162,9844159,14683067,8649118,14081031
UMP,UMP,C00105,UMP,20118862,17858928,17218338,12822595,16265736,11958984,15006824,15612893,18021158,13076888,13449492,17727290
Uracil,Uracil,C00106,Uracil,11009003,13737140,14504005,25414170,16369540,14987620,11435119,10433168,8411693,9292616,10349668,6642260
Uric acid,Uric acid,C00366,Uric acid,26352902,22817280,21333806,25039850,24531928,35504300,28194600,22776994,31226120,20675018,26381098,33299064
Uridine,U,C00299,Uridine,76191704,77181952,88809456,118332928,76618840,54622644,51565344,77000680,100530760,54955264,109078888,72703152
UTP,UTP,C00075,UTP,1287961,413980,1050062,123323,355915,43789,125891,154822,147369,387070,156243,354606
Valine,Val,C00183,Std,7657384,7979588,7843574,8216852,9063282,9447289,8953097,7902978,8743131,7644660,9104496,8250370
Valine,Val,C00183,Valine,40731748,55375012,45571216,45608068,49319668,48677668,27678576,40826508,59765436,39875492,43352636,44841808
Xanthine,Xanthine,C00385,Xanthine,21344306,17729952,19597392,65151756,22759298,17736642,21737508,22380502,30359544,11773433,24496966,17275502
