Used_ID,Abb,KEGG.ID,Iso,Con1,Con2,Con3,Con4,IPA5,IPA6,IPA7,IPA8,Chow9,Chow10,Chow11,Chow12
1-Methylnicotinamide,MNA,C02918,1-Methylnicotinamide,1143780,1200171,1211112,1030273,737443,522674,624867,721590,815061,935050,980156,638472
2-Aminobutyrate,2-AB,C02356,2-Aminobutyrate,1149859,1303526,2888260,2083444,1677405,1691486,1176614,959248,1193572,1266905,852588,1046004
2-Oxosuccinamate,2-Oxosuccinamate,C02362,2-Oxosuccinamate,1628778,2827067,4145521,4028806,3389383,2961508,2597123,1275944,1849757,1615894,2191363,801693
2-PY,2-PY,C05842,2-PY,12306747,15073426,14303831,12591189,8439256,7651666,7146274,9025913,10169113,10030904,12293277,6863352
3-Phosphoglycerate,3PG,C00197,3-Phosphoglycerate,5790310,6128230,7480806,6618508,7865290,8191938,9830712,3650767,9658872,7733176,7798202,6976562
4-Hydroxyphenyllactate,4-OH-PheLac,C03672,4-Hydroxyphenyllactate,2335571,2025274,10679041,9979053,3299057,3826564,2502976,1822900,3382904,3453266,4279904,3461305
5-Methylthioadenosine,MTA,C00170,5-Methylthioadenosine,24079222,17851534,32862984,28599350,27307078,25183008,18986756,21346050,30110874,36293412,26394786,40506060
6-Phosphogluconate,6P-gluconate,C00345,6-Phosphogluconate,92978,327921,425652,454772,483776,478406,416826,43734,377474,196549,386801,679463
Acetyl-CoA,Acetyl-CoA,C00024,Acetyl-CoA,405428,802782,1703167,1433623,1827768,1281878,862222,272369,1063996,676514,1191394,370706
Acetylcarnitine,Ac-carnitine,C02571,Acetylcarnitine,2486733056,2181182464,2963558144,3031764736,2718470912,2643458816,1898312320,2196117248,2471544064,2737933056,2932574976,2598222592
Acetylcholine,Ac-choline,C01996,Acetylcholine,18737358,32081226,80709400,40224844,54864028,27297202,21000098,20133472,28194102,35587068,36291508,34599724
Adenine,Adenine,C00147,Adenine,19074990,40126916,28477106,33828804,47710228,50294332,46458252,21278352,33412106,20099250,31451142,56652272
Adenosine,A,C00212,Adenosine,850727872,996225280,1250920704,1341727360,1152586880,1003960000,776268800,758196480,895645504,977704640,1105583232,1280004352
ADP,ADP,C00008,ADP,100465688,181441840,270454304,232721488,229575472,225301040,217559216,92159392,239084464,171467264,234940688,100419048
Alanine,Ala,C00041,Alanine,114032376,123738880,177272752,161288416,176418928,159216176,129671704,100106744,124134240,109281320,137102736,148873904
Alanine,Ala,C00041,Std,2219027,2111392,1717317,1520458,1750903,1692571,2077982,1936184,1821344,1827373,1969068,1767951
AMP,AMP,C00020,AMP,218366784,239035520,385535488,416734304,376176992,472875168,256315888,167894048,301721824,315472832,318185536,448642048
Arginine,Arg,C00062,Arginine,42883380,27814626,77294008,62227340,53633052,56362764,44540076,41087028,52596372,68499632,59431936,68204856
Arginine,Arg,C00062,Std,7354672,6532288,6392438,6256616,6726722,6213396,6155988,6394846,6487476,6159112,6578550,6517580
Argininosuccinate,Arg-Succ,C03406,Argininosuccinate,142782,160398,486660,441547,238755,390829,233767,191053,262797,320915,398578,270156
Asparagine,Asn,C00152,Asparagine,37364044,37078652,74460192,65567460,56662252,46827968,40597044,32407446,34416712,37425412,33743740,36338348
Aspartate,Asp,C00049,Aspartate,330732896,268512192,318083584,256147520,469153056,360713888,357023072,165141952,351844352,248201728,314250112,294259936
Aspartate,Asp,C00049,Std,5078690,5446842,2919159,4230168,4386051,4639836,4854880,6828762,5107797,3223821,4666190,5461400
ATP,ATP,C00002,ATP,6124744,35103360,52562588,45371904,44977972,57824460,45626028,5218724,48337376,16157111,44149936,6681810
Carnitine,Carnitine,C00318,Carnitine,1202825984,858886464,1315180160,1103998720,1562664576,1583201792,1532462464,1036303360,1977222528,1849451648,1820738176,1532559488
CDP,CDP,C00112,CDP,715459,911115,2470008,1544484,1649179,1899956,1972758,351771,1829084,1268144,1697353,296844
CDP-choline,CDP-choline,C00307,CDP-choline,1671284,1879622,3122848,3304097,3104842,2559562,2108996,1370944,3601380,2989350,2904708,3672338
CDP-ethanolamine,CDP-EtA,C00570,CDP-ethanolamine,2437445,2575539,4935534,5220687,4699370,4080497,4226188,2202750,4921796,4341246,4506852,3737963
Choline,Choline,C00114,Choline,86629896,79686360,222480048,159696544,158754160,143859248,132333664,79618248,117202856,138231248,130053112,98757048
Citrate,Cit,C00158,Citrate,444757344,430720160,680573568,615793408,569379776,546566144,500840960,366960800,444879584,492675808,485588352,324965920
Citrulline,Citrulline,C00327,Citrulline,53407860,46281588,115954008,110159816,69007520,72145128,50331612,42248236,89766848,77497480,96298584,77719496
CMP,CMP,C00055,CMP,1982085,1749077,3739544,3262813,3489899,2860848,2446273,2000959,3134625,3074200,3002619,2038208
CoA,CoA,C00010,CoA,177858,473157,830324,624968,1122071,820655,928888,196326,658018,275004,487003,203802
Creatine,Creatine,C00300,Creatine,3269242880,3449432064,4244864768,4098065664,4139483136,4176318720,3609643264,3313816832,3994725120,3855053824,4180487168,3927563520
Creatinine,Creatinine,C00791,Creatinine,78986288,112892392,183172816,172284656,185465664,165755456,138092304,121907584,171434800,156803824,176895920,148822416
Cystathionine,Cystathionine,C02291,Cystathionine,117008,84185,211909,177187,175803,142964,175436,49842,186906,221091,185193,110898
Cytidine,C,D07769,Cytidine,15656439,20302770,27884258,24129184,23276042,21691750,14978857,12643203,18346366,17335686,20933882,25785878
Cytosine,Cytosine,C00380,Cytosine,5169217,6871738,12386475,9988637,8292502,8157686,5924436,4744916,6421126,6679862,7061802,5923468
Deoxyadenosine,dA,C00559,Deoxyadenosine,317855,389048,562625,495254,567152,512446,306436,257914,526961,439523,556075,894830
Deoxyguanosine,dG,C00330,Deoxyguanosine,267542,252415,547390,504604,532655,275258,155546,217895,197519,280502,269172,469447
Deoxythymidine,dT,C00214,Deoxythymidine,4003774,5695324,22695408,8870209,9679696,10723809,8210288,4084603,9324190,9721087,9592361,7339580
Deoxyuridine,dU,C00526,Deoxyuridine,2882008,3979635,12929700,5492354,6752386,6313052,6037406,2528738,6511890,6559734,6957176,4683556
Dihydroxyacetone-phosphate,DHAP,C00111,Dihydroxyacetone-phosphate,691483,676468,431061,433247,700798,656640,703424,604089,672871,543679,452951,734116
Dimethylglycine,DMG,C01026,Dimethylglycine,609722,799254,1396987,1223328,1280997,1055278,789701,635494,1022039,1059789,1246218,1032094
"Fructose-1,6-bisphosphate",F16BP,C00354,"Fructose-1,6-bisphosphate",12288869,20470346,42149012,37666648,41343148,34191344,36872964,5846276,40614604,18132484,30920208,19741296
g-GluCys,g-GluCys,C00669,g-GluCys,11379,32782,53310,52580,73953,93072,16570,0,19229,0,31861,0
GABA,GABA,C00334,GABA,683831,1818469,2462914,3488873,1890434,1539083,713102,1194119,2118682,4247980,3484614,5271690
GDP,GDP,C00035,GDP,1728210,4103551,5057710,5195944,5220214,5281616,5351896,1177374,4883250,2502000,4017172,1692617
Gluconic acid,GlcA,C00257,Gluconic acid,39339968,44755916,74053200,60499328,62062284,49045996,40626888,30719040,51432176,44582852,53435180,41064548
Glucosamine,GlcN,C00329,Glucosamine,123449,109237,280635,241965,287704,261692,74109,58138,118327,54568,145546,89734
Glucosamine-6-phosphate,GlcN-6P,C00352,Glucosamine-6-phosphate,415867,215675,572183,411476,497598,292019,357963,321107,540289,404824,633137,304954
Glucose,Glc,C00031,Glucose,44398232,43730204,92797688,76207840,99962344,79642872,42051644,29821814,39117116,36786892,50895712,28633590
Glucuronic acid,GlucA,C00191,Glucuronic acid,1097489,1334049,2194912,1655140,1510351,1355643,1035233,818931,1940402,1564351,1774632,1413984
Glutamate,Glu,C00025,Glutamate,616286080,670969152,921238720,774886080,932695872,902404800,826761728,590111296,752764352,870464960,805451456,755360576
Glutamate,Glu,C00025,Std,4911180,4599480,3133652,3642903,3415513,3726130,4368654,4429732,4015228,4026896,3567431,4828502
Glutamine,Gln,C00064,Glutamine,419362176,343124672,544703680,578875072,440221280,393884704,366627424,315079840,476628096,423571072,425102208,497493888
Glutathione,GSH,C00051,Glutathione,15086596,35497112,66231380,52084548,72789816,56668300,45817108,9849811,31102048,14240152,29829312,10493464
Glutathione disulfide,GSSG,C00127,Glutathione disulfide,26897090,21423320,47943376,37485660,34932368,28088416,24988144,21280538,30566232,36948564,35391200,27152222
Glycerol,Glycerol,C00116,Glycerol,421022,539236,1137383,1110273,624540,560113,372821,526224,333030,403986,598038,495498
Glycerol-3-phosphate,Glycerol-3P,C00093,Glycerol-3-phosphate,40704932,65608236,78850048,73956448,70141032,73106816,52867988,46651444,58711828,53958768,66410764,110246272
Glycine,Gly,C00037,Glycine,4433550,5074622,11684456,8420599,9286631,6316812,5365556,3814100,6400202,6297552,6731746,6309578
Glycine,Gly,C00037,Std,363044,322759,309593,285860,287676,274407,342368,323315,305106,297536,294109,327933
GMP,GMP,C00144,GMP,12198088,14586973,19193952,23199918,20451534,17660662,16504361,12017339,16564145,13923840,15726095,14861856
Guanosine,G,C00387,Guanosine,1556300,2291479,3231413,2756553,3862940,2196993,2336426,1471095,2430241,2463689,2838088,6222698
Hexose phosphate,G6P-F6P,C00085,Hexose phosphate,69440600,46232720,95705600,72373624,91744184,69390544,52826012,34568604,80982976,71939608,98404200,47445108
Histidine,His,C00135,Histidine,65538892,57832704,123140392,135810096,89098912,80599544,68040952,52484084,74892408,65565236,78144352,74881976
Histidine,His,C00135,Std,10183796,8993181,8834827,8732795,8288672,8406201,8611129,8661976,9090538,8603443,8976683,9382260
HMG-CoA,HMG-CoA,C00356,HMG-CoA,0,6393,12355,9573,9284,4061,2273,0,3356,1305,7048,0
Homocysteine,Homocysteine,C00155,Homocysteine,63507,59051,150791,33477,176188,94685,0,59213,64060,97160,68992,64113
Hydroxyproline,Pro-OH,C01157,Hydroxyproline,23014338,21881814,44088636,31482986,38979124,34495300,27761686,18536224,28411928,27584630,31824290,23591466
Hypoxanthine,Hypoxanthine,C00262,Hypoxanthine,8446840,20080458,28885318,26163112,31496506,24449880,14490663,9817644,26649642,21066410,24127806,78329496
Indole-3-propionic acid,IPA,HMDB0002302,Indole-3-propionic acid,0,0,8414,0,286880,349525,10653,35148,37593,58919,61681,23274
Inosine,Inosine,C00294,Inosine,2483571,3930027,4038707,5261314,7531070,6458042,7962716,2626295,10467605,8443831,7407870,29087000
Inosine monophosphate,IMP,C00130,Inosine monophosphate,15467060,12983979,17011458,21064626,43752052,29659722,59342848,16168480,67338328,45304788,39762972,32510806
Inositol,Inositol,C00137,Inositol,76726488,93366808,200349440,155633808,188196736,127541120,104616552,72948032,202369488,187476288,210510928,174785392
Isobutyryl-CoA,Isobutyryl-CoA,C00630,Isobutyryl-CoA,58386,170394,367889,312210,259390,221840,136018,45819,133622,90572,175713,61154
Isoleucine,Ile,C00407,Isoleucine,54826804,59852868,88401880,71574696,93098240,76290312,72969928,41049484,67197096,89875264,77431912,69859056
Lactate,Lac,C00186,Lactate,354303072,459639552,798202688,732354752,803672768,579670080,398145920,333381536,608104896,445231104,725596160,777924288
Leucine,Leu,C00123,Leucine,108906568,124355608,170318992,135789616,178001856,154301184,129341608,78606648,127081720,157564848,140037888,126597944
Leucine,Leu,C00123,Std,35983468,34191804,34202668,28997242,31015250,31018766,30466730,32669810,32367240,30827774,33203974,32568110
Lysine,Lys,C00047,Lysine,17421306,13706359,28652698,28539626,23182978,27588624,19533162,17316198,20591386,25398880,20700106,22963374
Lysine,Lys,C00047,Std,1179853,1150600,1004646,995196,1001433,920996,1119489,1105283,978595,1022883,961829,1034451
Malate,Mal,C00149,Malate,420004704,347390176,398440096,439471200,405705184,421313408,394318048,308208064,348816640,354249120,386741376,332819680
Malonyl-CoA,Malonyl-CoA,C00083,Malonyl-CoA,6146,76624,120002,103920,132670,125000,105963,2501,129273,32039,99738,9265
Methionine,Met,C00073,Methionine,28296698,29970800,89989216,67677280,53499516,52952592,35081092,28805210,37210900,38128356,40735636,35149608
Methionine,Met,C00073,Std,14233187,14793679,12671731,12676963,12249281,12803757,13673605,14552680,13405389,12357205,13258683,14337901
N-Acetylglucosamine,GlcNAc,C00140,N-Acetylglucosamine,0,28963,92417,36695,76846,0,0,16962,16096,0,9175,15966
N-Acetylglucosamine-6-phosphate,GlcNAc-6P,C00357,N-Acetylglucosamine-6-phosphate,1300571,1142355,2162087,1740916,1740010,1487914,1082241,861329,1048803,724492,1181471,745706
NAD+,NAD+,C00003,NAD+,77892160,77645040,84506784,50013216,124225608,111651736,103202560,109385856,107456288,100712776,117456392,89647904
NADH,NADH,C00004,NADH,29298281.95,18339719.11,35307227.43,17790162.16,37433192.4,34552642.77,31682562.72,37693125.19,23206850,16455096,25845600,15550468
NADP+,NADP+,C00006,NADP+,881356,1741815,2455703,2495603,2410002,2600177,2019072,551816,2834255,1357274,2399248,935686
NADPH,NADPH,C00005,NADPH,204634,808465,1698096,1560543,1450241,1504490,1204019,171526,977949,377324,884017,189232
Nicotinamide,NAM,C00153,Nicotinamide,752674624,671776640,1210149888,1208639872,1353183104,1084802944,852339136,653459136,1034281472,1013981184,1022561984,980996928
Nicotinamide mononucleotide,NMN,C00455,Nicotinamide mononucleotide,139297,124609,213268,226771,162867,146712,154675,96268,203416,192486,178759,198504
Ornithine,Ornithine,C00077,Ornithine,296622,193190,621730,409837,257633,359469,208069,187071,273935,352785,270357,407800
Orotate,Orotate,C00295,Orotate,155433,156674,553096,335810,276102,337996,200650,141445,90705,96884,209963,241083
Orotidine,Orotidine,X00006,Orotidine,2831316,3017965,5291646,3954175,4329200,4006816,3315084,1784466,3069894,3222084,3443382,2900014
Palmitate,Palmitate,C00249,Palmitate,39915600,43144524,60839296,37886312,48184036,44777808,52106160,41368948,50037856,43068788,36377068,43464544
Pantothenate,Pantothenate,C00864,Pantothenate,171088864,218834352,329098720,214502000,355336224,234795728,245106960,164384112,286995072,291369824,320189984,246388080
Phenylalanine,Phe,C00079,Phenylalanine,50248208,55053004,102290136,105511464,68799552,64706256,51952384,38031148,65007252,76672368,73362912,64088556
Phenylalanine,Phe,C00079,Std,28736422,28358154,23093408,24134960,23097240,22681006,26116698,27043776,24918394,26023862,25950832,26068966
Phosphate,PO4,C00009,Phosphate,71149136,73924416,104475592,103266728,95031104,93642688,71615840,64050864,86894120,86676344,88702872,110737080
Phosphocholine,P-Choline,C00588,Phosphocholine,12534413,12889391,35292668,28495022,21155694,22814218,17406806,8520532,18145498,20191834,21251736,17503014
Phosphocreatine,P-Creatine,C02305,Phosphocreatine,12674181,20351702,43065280,28029080,31059768,30698958,22269338,10609573,32458762,18327442,41107424,19640744
Phosphoethanolamine,P-EtA,C00346,Phosphoethanolamine,4345494,5351715,13844021,11540627,9318677,7905502,6334418,4561460,6960664,7656706,7339562,7859000
Proline,Pro,C00148,Proline,31774440,32705498,89203056,86467560,41949292,36656124,29878282,25400448,30522162,34366988,32635936,32045712
Proline,Pro,C00148,Std,12086148,12293535,9612877,10418047,9433889,9234561,10220055,12018816,9418667,10397240,10109733,9804729
Propanoyl-CoA,Propanoyl-CoA,C00100,Propanoyl-CoA,10358,13809,34472,30866,68015,52537,38886,7501,43561,23823,45470,12465
Ribose-5-phosphate,R5P,C00117,Ribose-5-phosphate,1972881,2774607,3157204,2913687,3127702,3190565,2286310,1648162,2536082,2972372,3356859,5478302
S-Adenosyl-L-methionine,SAM,C00019,S-Adenosyl-L-methionine,8948749,6907714,11746873,10060753,10561613,9451348,7701446,6818426,8318720,10027039,8942655,11097001
Sedoheptulose-7-phosphate,S7P,C05382,Sedoheptulose-7-phosphate,300591,468727,740903,664020,701080,720851,361353,175247,444620,440079,644664,682771
Serine,Ser,C00065,Serine,55916476,60139072,107190824,87970360,83101248,60108220,56990784,48225964,44788660,47868380,46381472,40655120
Serine,Ser,C00065,Std,2971481,2995026,2521808,2297756,2662972,2341696,3150046,2894211,3227655,2859907,2853853,2942485
Sorbitol,Sorbitol,C00794,Sorbitol,25885030,25356470,56862768,42193168,41441340,35352492,33257610,21618682,25741744,21447928,23808826,19196894
Succinate,Succ,C00042,Succinate,42928252,95276096,127137480,128455784,117699168,118971488,66967748,65693676,95512480,96558536,123424712,181012480
Succinyl-CoA,Succinyl-CoA,C00091,Succinyl-CoA,480,7165,17160,12385,27822,20715,21490,513,17024,2886,10286,1353
Thiosulfate,HS2O3,C00320,Thiosulfate,411175,1824957,8753736,6744462,4087466,6508618,4063608,250153,4117037,715152,2299003,469677
Threonine,Thr,C00188,Std,1582278,1680171,1133404,938221,1153370,1207526,1383583,1511614,1245838,1355690,1347100,1261005
Threonine,Thr,C00188,Threonine,17840698,19682570,27143242,21377872,27169664,25373936,21200008,17075822,21180546,23663368,20817368,22225194
Thymine,Thymine,C00178,Thymine,3047727,4090315,15667351,8027428,7117314,8861951,6327762,3095443,6804944,6396030,6749870,5370224
Tryptophan,Trp,C00078,Tryptophan,19854302,17943462,45382228,42417340,29110542,29640390,21322992,16030841,21890786,21065428,23948626,28870070
Tyramine,Tyramine,C00483,Tyramine,2242386,2021374,1562253,1424291,2141986,1737341,2251668,1490106,2002032,2049468,2165925,2243551
Tyrosine,Tyr,C00082,Std,11370705,11279776,8370434,8446569,8768527,10073248,10268771,10796541,9454485,9345536,9683737,9642049
Tyrosine,Tyr,C00082,Tyrosine,15818504,14626171,47278224,43803168,22527088,26317264,14735760,13001491,22805678,23951978,25965296,21149550
UDP,UDP,C00015,UDP,4347920,5781862,9574905,8378688,8775910,10017282,8615285,2602452,10040954,6681036,8423181,2705819
UDP-glucose,UDP-Glc,C00029,UDP-glucose,5204540,11764465,21668878,15005797,16467661,13625747,13619201,4347623,16252612,12821603,16606573,4581550
UDP-N-acetylglucosamine,UDP-GlcNAc,C00043,UDP-N-acetylglucosamine,7554742,13364073,28714374,19108944,20054370,13461821,12704144,6794034,13652213,11867512,15836699,9299741
UMP,UMP,C00105,UMP,14110635,13402680,19177466,14051157,19131306,10354700,15594064,10616456,20118862,17858928,17218338,12822595
Uracil,Uracil,C00106,Uracil,7359750,11645111,22917690,15514357,12626016,15990456,11701635,5214580,11009003,13737140,14504005,25414170
Uric acid,Uric acid,C00366,Uric acid,24673632,22508696,30282890,27525046,27527880,50154740,38875460,20758208,26352902,22817280,21333806,25039850
Uridine,U,C00299,Uridine,65312716,69500872,123773832,104098208,110715712,74618848,67210192,50102944,76191704,77181952,88809456,118332928
UTP,UTP,C00075,UTP,214592,762424,1570233,1140196,1066477,1290423,1175328,100576,1287961,413980,1050062,123323
Valine,Val,C00183,Std,9665753,9237103,7606668,7594852,7890574,6991498,8490600,9103131,7657384,7979588,7843574,8216852
Valine,Val,C00183,Valine,38240060,40864112,51505268,45922596,59623428,45203456,48384724,26867386,40731748,55375012,45571216,45608068
Xanthine,Xanthine,C00385,Xanthine,9006285,17613718,24474680,24833638,25370666,21324970,15351737,11516260,21344306,17729952,19597392,65151756
