Used_ID,Abb,KEGG.ID,Iso,Con45,Con46,Con47,Con48,NAM49,NAM50,NAM51,NAM52
1-Methylnicotinamide,MNA,C02918,1-Methylnicotinamide,1605559,2712636,867064,3089375,90617096,43115792,101358048,100300800
2-Aminobutyrate,2-AB,C02356,2-Aminobutyrate,5278024,8604529,9294463,4921320,4040356,14878901,3897477,3941521
2-Oxoadipate,2-Oxoadipate,C00322,2-Oxoadipate,5858366,2762831,4852656,4622534,2811469,4279716,5837214,6090828
2-PY,NA,NA,2-PY,48700356,48351996,95585664,84065496,556894656,479475616,484015968,493640864
3-Phosphoglycerate,3PG,C00197,3-Phosphoglycerate,421487,558828,637384,514980,708625,137568,431051,568875
4-Hydroxyphenyllactate,4-OH-PheLac,C03672,4-Hydroxyphenyllactate,8908169,3671417,3390941,7082752,5867256,28839622,6807532,6166906
5-Methylthioadenosine,MTA,C00170,5-Methylthioadenosine,1260366,1242727,1275546,1117794,1027443,1204583,1125060,988985
5-Oxoproline,5-Oxoproline,C01879,5-Oxoproline,21409736,20315932,22783170,17303880,15039169,14992841,16964162,17101532
a-Ketoglutarate,a-KG,C00026,a-Ketoglutarate,55341588,19620010,40256764,51391616,37215856,31890670,56038428,61325484
Acetylcarnitine,Ac-carnitine,C02571,Acetylcarnitine,1247562368,1535735936,1155369472,1593085312,1383204224,1483217280,1297739264,1247506304
Acetylcholine,Ac-choline,C01996,Acetylcholine,631970,724180,603986,578076,605680,581551,584993,547874
Aconitate,Aconitate,C00417,Aconitate,45995828,40940188,37158332,36822012,37001348,53554204,39857964,30690838
Adenine,Adenine,C00147,Adenine,769574,516354,630500,209419,435525,276020,744541,490857
Adenosine,A,C00212,Adenosine,9075283,6477068,8671472,2261157,5454156,3638642,8263090,5943868
ADP,ADP,C00008,ADP,113136,272956,923939,777048,316649,470688,3850106,435480
Alanine,Ala,C00041,Alanine,119944648,96175936,125769496,81671832,81823576,73447672,83281696,86712304
Alanine,Ala,C00041,Std,2859805,2887593,2567904,3110613,3075064,3012129,3097159,3006191
AMP,AMP,C00020,AMP,256572,899562,3937389,2412568,1210409,1098228,10914604,1272681
Arginine,Arg,C00062,Arginine,76533032,63340980,105856832,46143788,34493536,68407496,43930180,47850128
Arginine,Arg,C00062,Std,8106084,8635247,7722956,7215486,6714626,7633818,7361490,7057010
Argininosuccinate,Arg-Succ,C03406,Argininosuccinate,139120,112814,161097,83358,38515,89245,48459,34916
Ascorbic acid,Vit-C,C00072,Ascorbic acid,259123,326000,378421,454579,380557,344002,292787,245474
Asparagine,Asn,C00152,Asparagine,32626870,25314958,32073906,22368094,16006933,16789974,20459550,22486894
Aspartate,Asp,C00049,Aspartate,2285644,2271892,2363055,1736982,1626141,554318,2333238,1827883
Aspartate,Asp,C00049,Std,2637560,2771996,2734803,2660242,2884862,2712458,2643034,2614515
ATP,ATP,C00002,ATP,0,0,0,200435,26393,44780,1017020,141375
Carnitine,Carnitine,C00318,Carnitine,505301536,664825472,750963712,608700288,745983488,555839680,665434688,643499776
Choline,Choline,C00114,Choline,139676000,175328944,161383792,197515536,168479360,121302464,159394960,167636848
Citrate,Cit,C00158,Citrate,717752832,662651968,647400192,679265856,627325632,813305152,749898752,607376384
Citrulline,Citrulline,C00327,Citrulline,86327576,69421640,81296896,52226676,57605796,74036712,67004428,73865992
Creatine,Creatine,C00300,Creatine,1017314368,729940480,1397063040,964982336,657616384,1397423744,806631168,842826304
Creatinine,Creatinine,C00791,Creatinine,429653536,433556224,382998528,401362272,390217472,352494592,389901952,385054464
Cystathionine,Cystathionine,C02291,Cystathionine,252291,390057,157794,207422,223579,328338,187036,194504
Cystine,Cystine,C00491,Cystine,5163602,5615088,2222230,5435604,9575013,3283888,6998506,9748084
Cystine,Cystine,C00491,Std,986523,936422,859563,833571,873668,831486,836197,772873
Cytidine,C,D07769,Cytidine,11908201,12384965,8356100,11346056,11908744,19420346,12835427,12848509
Cytosine,Cytosine,C00380,Cytosine,68880912,65983212,67098192,60441708,55951956,104198392,61752092,59782652
Deoxyadenosine,dA,C00559,Deoxyadenosine,172010,179478,180507,138914,130759,328739,125972,144057
Deoxycytidine,dC,C00881,Deoxycytidine,5311240,4799352,4724864,4316142,4305964,9575206,4895350,4585760
Deoxyuridine,dU,C00526,Deoxyuridine,44867152,39722256,24101888,22689944,14688683,22852434,16448061,15923255
Dimethylglycine,DMG,C01026,Dimethylglycine,19511946,28631274,38822024,20426846,14419995,26951448,16248055,16178967
Fructose,Fru,C00095,Fructose,3295080,3374572,3307436,3844789,4305576,3879115,4062404,3990082
Gluconic acid,GlcA,C00257,Gluconic acid,41633004,48888156,45516928,43549868,52068236,42500444,44567604,39026224
Glucosamine,GlcN,C00329,Glucosamine,7810332,5343266,7845250,8816481,7038534,10022824,7194754,10198769
Glucosamine-6-phosphate,GlcN-6P,C00352,Glucosamine-6-phosphate,57577,88306,58356,53766,45958,26987,57726,57047
Glucose,Glc,C00031,Glucose,732050624,597197568,744303872,806924800,785072128,869445952,772750528,763731648
Glucuronic acid,GlucA,C00191,Glucuronic acid,10613359,12087409,14179856,12917789,14740408,16943352,12659027,11004953
Glutamate,Glu,C00025,Glutamate,9670789,8303900,8618373,11647568,7674292,4153491,11152079,7800866
Glutamate,Glu,C00025,Std,3265909,3628353,3382553,3496398,3249906,3426282,3591260,3234554
Glutamine,Gln,C00064,Glutamine,387669920,393253888,510299296,396578304,442851424,338252736,444857472,419512160
Glycerol,Glycerol,C00116,Glycerol,2692669,6184256,3357034,5062994,5797738,1545144,5487170,4696087
Glycerol-3-phosphate,Glycerol-3P,C00093,Glycerol-3-phosphate,2125315,1917745,2487151,1788318,2029188,900529,1976458,1814365
Glycine,Gly,C00037,Glycine,8164130,8686211,7353082,6687694,6175494,3041593,7945958,7820900
Glycine,Gly,C00037,Std,355878,355466,314803,267154,363169,313922,300281,279624
GMP,GMP,C00144,GMP,310461,317018,736077,540892,356201,73558,1026850,255042
Histidine,His,C00135,Histidine,99147208,66668004,71212400,81170216,85321736,125235456,96153192,87646464
Histidine,His,C00135,Std,13225971,13162855,11950380,12497319,11530332,11992239,12487656,11715111
Homocysteine,Homocysteine,C00155,Homocysteine,503418,910397,747027,703058,511454,312975,569984,476204
Hydroxyproline,Pro-OH,C01157,Hydroxyproline,46089984,57442080,44836028,38108724,32197472,15813471,30148570,35077536
Indole-3-propionic acid,IPA,HMDB0002302,Indole-3-propionic acid,27250,255397,19101,138142,36973,91308,78417,214082
Inositol,Inositol,C00137,Inositol,22912790,32375768,49790700,35101428,30766586,50007540,32174038,28195134
Isoleucine,Ile,C00407,Isoleucine,425192576,334064640,272974720,272065440,279746112,337754464,343662688,351626208
Lactate,Lac,C00186,Lactate,410860576,393206272,455013632,392991328,388600576,375157856,383404288,317759072
Leucine,Leu,C00123,Leucine,895853312,739470912,641323776,723514816,827196416,901571392,820556992,900970816
Leucine,Leu,C00123,Std,65769068,68801928,71569192,68571040,68884056,64959844,60731916,65540324
Lysine,Lys,C00047,Lysine,29325954,18192494,17717640,11919681,7436798,20860100,10885136,11744036
Lysine,Lys,C00047,Std,471855,397294,405588,389402,306250,414725,492834,411386
Malate,Mal,C00149,Malate,205495664,112903464,120897832,128734504,121541056,146789840,129109864,112639096
Methionine,Met,C00073,Methionine,120056408,93187864,111425728,88812696,81233256,103250376,100277528,101409184
Methionine,Met,C00073,Std,14619487,16871252,13871340,15561919,15452687,16496416,14623955,14807829
N-Acetylglucosamine,GlcNAc,C00140,N-Acetylglucosamine,1143808,817810,1032654,1129707,1238307,887364,1039515,1050017
N-Acetylglucosamine-6-phosphate,GlcNAc-6P,C00357,N-Acetylglucosamine-6-phosphate,35417,0,37913,68954,39943,55264,134178,0
Nicotinamide,NAM,C00153,Nicotinamide,47530844,113189112,29614976,89809088,1198509952,945553344,1782631936,1532350592
Nicotinamide mononucleotide,NMN,C00455,Nicotinamide mononucleotide,0,0,0,0,0,0,0,0
Ornithine,Ornithine,C00077,Ornithine,3150839,2612791,3711745,2961592,2564110,4277508,2644198,2804205
Orotate,Orotate,C00295,Orotate,11049716,6877156,5550214,3878759,4083846,3904027,4476004,4033989
Orotidine,Orotidine,X00006,Orotidine,4628574,5212364,4865532,3945438,3922757,2949526,3413534,3377584
Palmitate,Palmitate,C00249,Palmitate,292404608,412528480,294929312,332697600,341666560,346167552,400034912,378320864
Pantothenate,Pantothenate,C00864,Pantothenate,13427872,11036235,34671596,13305357,14531481,30802080,13274784,13630883
Phenylalanine,Phe,C00079,Phenylalanine,340544032,256195392,221455056,297725984,304720960,944656640,359365376,345224480
Phenylalanine,Phe,C00079,Std,50228820,48320816,48012076,48716416,50893964,47682284,52081948,49948644
Phosphate,PO4,C00009,Phosphate,75153056,76973576,77926040,60769172,76872128,62225732,69829976,70877360
Phosphocreatine,P-Creatine,C02305,Phosphocreatine,832670,863920,843448,802034,957952,424766,1057379,935034
Phosphoenolpyruvate,PEP,C00074,Phosphoenolpyruvate,196078,73832,187665,117966,128629,17458,88733,142317
Phosphoethanolamine,P-EtA,C00346,Phosphoethanolamine,415004,433979,468459,313045,423566,353954,517712,371716
Proline,Pro,C00148,Proline,317915488,205610880,228082416,174211392,133656360,187995264,166619760,183178160
Proline,Pro,C00148,Std,21332680,23341366,19622656,23986734,22382016,23364502,21913102,22696104
Ribose-5-phosphate,R5P,C00117,Ribose-5-phosphate,1458493,1653861,1716109,976757,831948,823179,1269304,828897
S-Adenosyl-L-methionine,SAM,C00019,S-Adenosyl-L-methionine,263353,309540,336502,295156,248329,317600,227716,230274
Serine,Ser,C00065,Serine,56808524,52768324,61054160,50738764,40598460,32808736,46901412,51856512
Serine,Ser,C00065,Std,3707167,3480722,3701745,3257527,3677439,3717067,3754608,3400500
Sorbitol,Sorbitol,C00794,Sorbitol,10436752,14340297,14976575,18091280,22987136,7192862,18049516,20414470
Succinate,Succ,C00042,Succinate,15287473,10630565,11343588,11739535,11581315,6055126,11395080,10585399
Thiosulfate,HS2O3,C00320,Thiosulfate,129388072,89368088,119191848,28737914,21854166,18668974,45841292,48986324
Threonine,Thr,C00188,Std,2950813,2874452,2746671,2897585,2952965,2737997,2513957,2545809
Threonine,Thr,C00188,Threonine,60509808,48521472,52562668,40818300,33927316,52650748,44925744,47849808
Thymine,Thymine,C00178,Thymine,42136324,35524960,26477216,22694834,14843923,22903664,18284930,18202654
Tryptophan,Trp,C00078,Tryptophan,255296528,201308736,329742496,338255584,227344768,195884880,336307808,325061504
Tyramine,Tyramine,C00483,Tyramine,2949808,4518454,2582853,2680115,2320561,3365908,3128955,3198184
Tyrosine,Tyr,C00082,Std,12198637,14236704,14084037,13807341,13344523,13343541,14282728,13089455
Tyrosine,Tyr,C00082,Tyrosine,106071232,62138900,59385200,109874568,80410864,160234048,108298688,112370568
Uracil,Uracil,C00106,Uracil,47529940,45009812,33292334,29972914,22848062,31948558,26530214,22440038
Uric acid,Uric acid,C00366,Uric acid,95923624,118418904,99600872,104599064,98980120,77493168,95623192,102376864
Uridine,U,C00299,Uridine,25331766,24188720,19754374,25001456,24404206,18371038,19560186,23306574
Valine,Val,C00183,Std,14730808,15968120,13267241,16163949,17047620,14064856,16155149,15006699
Valine,Val,C00183,Valine,356774432,325023264,253040528,296692512,299833440,270476896,350441696,353501216
Xanthine,Xanthine,C00385,Xanthine,692387,379202,738473,201028,357815,220001,370563,226926
